sample_id,smiles,is_valid,is_unique,in_training_set
0,[*]CCC(CCC)(COC(=O)Nc1ccc(C(=O)C(C)=NCC(C)=O)cc1)C(=O)Oc1ccc(C2=N/c3ccc(O[*])cc3)cc21,True,True,False
1,[*]C/C(=N\C)C(Nc1ccc(CC(=O)COc2ccc(OC)cc2)c(C)c([*])c1,False,True,False
2,[*]CC(Cc1ccccc1CC)C1C(=O)c1cccc([Si]([*])(C)C)c1C(=O)OC,False,True,False
3,[*]NC([*])c1ccc(C2=CC(CCCCCl)(c3ccc(/C=N/c4ccc(Cl)cc4)SC)cc2)C2=O,False,True,False
4,[*]Oc1ccc(OC(=O)c2ccc3c(=O)nc3c(-c4ccc(C(=O)Oc5c(C)(C)cc(C([*])=O)cc5)cc4)cc3P(=O)(c3cccc4C(F)(F)F)cc3)cc2c1,False,True,False
5,[*]C(=O)CCCC(=O)N(CCO[Si]([*])(C)C)COC(=O)CC,True,True,False
6,[*]CC([*])c1ccc(Oc2ccccc2)nc1,True,True,False
7,[*]OCCN(c1ccc(NC(=O)Oc2ccc(S(=O)(=O)c3ccccc3)c3ccc(NC([*])=O)cc3C)cc2)cc11,False,True,False
8,[*]CCCCCCCC(=O)Nc1cc(C/C=C/c2cccc(OCCOc3ccc(OC(C)=O)cc3)c2)cc(C([*])=O)c1,True,True,False
9,[*]C=C(F)(F)C(F)(F)CN(C)c1cc([N+](=O)[O-])cc(N=[*])c2ccc(-c3ccccc3)cc2CsbO[Na],False,True,False
10,[*]CC(=S)OCCCCC1(C)C[Si]1[*],True,True,False
11,[*]C=CC([*])(Oc1ccccc1)Oc1ccc(/N=N/c2ccc(C#N)cc2)cc1,True,True,False
12,[*]CC([*])(C)C(=O)OCCCC(=O)Oc1ccc(C(=O)NC(=O)c2cc(OC(OC)c3ccccc3)cc2)c(Cl)c1,False,True,False
13,[*]C=Cc1ccc(Oc2ccc4c(=O)[N+](=O)c4cc(C)ccc4)c(C(=[*])OC)c3c2=OMt2=O,False,True,False
14,[*]CC([*])C(=O)Oc1ccc(/C(C)=N(\C#N)C#N)c2ccc([N+](=O)[SH]C(C)(C)CCC4)cc2o1,False,True,False
15,[*]Nc1[Si]([*])(C)OC(=O)c2ccc(C(=O)Oc3ccc(OC(=O)c4ccccc5)cc3)cc2C(=O)Oc1,False,True,False
16,[*]Oc1cc(OC(=O)c2ccc(NC([*])=O)cc2-c2ccccc2)ccc12,False,True,False
17,[*]CCN(CC(=O)OCC)c1ccc(N([*])CC)cc1,True,True,False
18,[*]CCCN(CCCCCCCOc1ccc(/C=C/c2ccc(C([*])=O)c(Br)c2)cc1,False,True,False
19,[*]=CCCCCCCOc1ccc(N=C(CCCCCCCNC(=O)CCSC(=O)Nc2ccc(C([*])=O)cc2)cc1)c1ccccc1,True,True,False
20,[*]c1sc(N(c2ccc(C(=O)Oc3ccc(S([*])(=O)=O)cc3)cc2)c2ccc(C(CC)(CC)CC)cc2)cc1,True,True,False
21,[*]Oc1ccc(C([*])=O)cc1/C=C/c1cccc(OCCCC)c1C,True,True,False
22,[*]c1cc(OCC(C)C)c(-c2ccc([*])cc2)cc1,True,True,False
23,[*]Cc1cc(Br)c(N2C(=O)CCCC(F)(F)C(F)(F)C([*])(C)C)cc1C,False,True,False
24,[*]c1cc(OCC)c(-c2cc(CC([*])(C)C)ccc2)c(-c2ccc(C#N)cc2)c(-c2ccc2)c1,False,True,False
25,[*]Oc1ccc(N=CCC/C(=N\c2ccc([*])cc2Cl)c(O)c1,False,True,False
26,[*]CC([*])C(=O)Oc1ccc(CCCCCCNc2ccc(OCBr)cc2)cc1,True,True,False
27,[*]Oc1ccc(NC(=O)c2ccc(OCCCCn3ccc(P(=O)(c4ccccc4)CCCC([*])=O)c4)cc3-c2ccccc2)cc1,False,True,False
28,[*]CCC(=O)NC(Cc1ccc(C)cc1)COC([*])=O,True,True,False
29,[*]C(=[*])OCc1ccc(CCCCC(=O)Oc2ccc(-c3ccc(C#N)cc3)cc2)o1,True,True,False
30,[*]Nc1cc(OC(=O)OCC([*])(C)C)cc(C)c1,True,True,False
31,[*]Oc1ccc(-c2ccc(NC(=O)CCCC(=O)Nc3ccc(-c4ccccc4C(=O)Nc4ccc([*])cc4)cc3)nc2)cc1,True,True,False
32,[*]Cc1ccc2ccccc2c1C(=O)OCCCC(CCOc2ccc(-n3cno3)ccc2OC(=O)O[*])cc1,False,True,False
33,[*]C(=O)Nc1c(Cl)cc(N2C(=O)OC([*])=O)cc1C,False,True,False
34,[*]=C([*])OCCCN(C)C(=O)O[Si](C)(C)CCCCCCCCCOc1ccc2ccc3c(c2)C(=O)N(C#N)C(F)(F)F1,False,True,False
35,[*]CC([*])C(=O)OCCCCCCCOC(=O)c1ccc(C(C)(C)c2ccc(-c3ccc(C#N)nc3)cc2)cc1,True,True,False
36,[*]CC(O)Oc1ccc(CC(=O)OCCCCCCCCOc2ccc(O[*])cc2)cc1O,True,True,False
37,[*]CC(O)CN(C)C(=O)Oc1ccc(C(=O)NOc2ccc(C=Cc3ccc(CNC([*])C#N)cc3)cc2)cc1,True,True,False
38,[*]OC(=O)c1ccccc1C(=O)OCC1COC(=O)CSC[Si](C)(C)O[*],False,True,False
39,[*]CC([*])(C)C(=O)OCC(C)(C)c1ccc(C#C[Si](C)(C)O)cc1Sc1ccccc1O,True,True,False
40,[*]c1ccc(OCCCCCCCN2C(=O)c3ccc(Sc4ccc(C(=O)N([*])CCCCCC)cc4)cc3CCCCC2)c(C)c1,True,True,False
41,[*]c1cc(OC(=O)Nc2ccc3c(c2)C(=O)N(c2ccc(S([*])(=O)=O)cc2)ccn(N)c1C2=O,False,True,False
42,[*]CC([*])c1ccc(/N=N/c2ccc(N(C)C)cc2)cc1OC,True,True,False
43,[*]CCCCCCCOC(=O)c1cc(OCCCC(C)C)cc(OC(=O)C[*])c1,True,True,False
44,[*]SCCCCCc1ccc(OC(=O)c2ccc(C#N)cc2)cc1/C=C/c1ccc([*])cc1,True,True,False
45,[*]c1ccc(S(=O)(=O)c2ccc(C(C)(C)c3cc(Br)c(OCc4ccc([*])cc4C)c(Cl)c3)cc2C)cc1,True,True,False
46,[*]CC1CCCNC(=O)c1ccc(C(=O)OCCCCCOC(=O)c2ccc(C(=O)Nc3ccc(Oc4ccc(C([*])=O)cc4)cc3)cc2)cc1,False,True,False
47,[*]Nc1ccc(NC(=O)c2ccc(-c3ccc(C(=O)Nc4ccc(OC(=O)c5cccc(C([*])=O)c5)cc4)cc3)cc2)cc1,True,True,False
48,[*]C(=O)c1ccc(Oc2ccccc2-c2ccc(C(=S)Nc3ccc([*])cc3)cc2)cc1,True,True,False
49,[*]CC([*])c1ccc(N2C(=O)c3ccc(C#N)cc3O[Si](C)(C)c3ccccc3)cc2C1=O,True,True,False
50,[*]=C([*])c1ccc(C=C(C#N)C)cc1-c1ccc(OCCCC)c(C)c1,True,True,False
51,[*]N=P([*])(C)c1ccc(-c2ccc(-c3ccc(N=Nc4ccc(C)cc4)cc3)cc2)cc1,True,True,False
52,[*]OCCCCCc1ccc(OC)c(C=C(c2ccc(C(=O)c3cc(OC)c([*])cc3)cc2)nc1-2,False,True,False
53,[*]C=Cc1ccc(C#N)cc1-c1ccc([Si](C)(C)c2ccccc2)cc1[*],True,True,False
54,[*]Cc1ccc(OC(=O)c2ccc(C(c3ccccc3)(c3)C(=O)N(c3ccc(Cc4ccc([Si](C)(C)C)cc4)cc3)cc2)C(=O)OCC([*])(C)C)cc1,False,True,False
55,[*]CC([*])c1ccc(OC(=O)Nc2ccc(CN(C)c3ccc(C3(C)C)cc3)cc2)cc1,False,True,False
56,[*]CC(=O)OCCCCCCCn1ccc(C(=O)OCC/C=C/c2cnc([*])nc2)cc1,False,True,False
57,[*]c1cc(C(=O)Nc2ccc(OC)cc2)c([*])c(C)c1C,True,True,False
58,[*]Oc1ccc(C(C)(C)C(=O)Oc2ccc(/C=N/c3ccccc3-c3ccc(C([*])CCCCCC)cc3)C(F)(F)F)c2ccc1,False,True,False
59,[*]CCCOC(=O)c1ccc(S[*])cc1,True,True,False
60,[*]CCC(COc1cccc(NC(=O)c2ccc(N=[*])cc2C)c(N(C)C)c2)c1,False,True,False
61,[*]Cc1cc(C(=O)O[Si](C)(C)OC)c(N2C(=O)O[*])cc1C,False,True,False
62,[*]NC(CCCCCCC)C(=O)Oc1ccc(C#Cc2ccc(CCCCCCCC)cc2)c(OC([*])=O)c1,True,True,False
63,[*]Cc1cc(O)c(COC(=O)CCCCC(c2ccc3[Si](c3ccccc3)C(=O)Oc3ccc(-c4ccccc4)c([*])c3C3=O)cc2O)cc1,False,True,False
64,[*]Cc1ccc(CCCCCNC(=O)OCCc2ccc(/N=C/c3ccc(/C=C/C([*])=O)cc3Cl)cc2C)c(C)c1,True,True,False
65,[*]C=C(C)CC(=O)Oc1ccc(/C(C)=N/c2ccccc2C(=O)c2ccc(C)cc2)c([*])c1,True,True,False
66,[*]CCC(CCC)N(C)C(=O)c1ccc(NC(=O)C([N+](=O)[O-])(C)C(=O)N[*])cc1,True,True,False
67,[*]C(C)(C#N)c1ccc([SH]([*])(=O)=O)cc1,False,True,False
68,[*]CC(Cc1ccc(OC(=O)c2ccc(C)cc2)cc1Oc1ccc(CC([*])C)cc1,False,True,False
69,[*]Oc1ccc(C(=N)c2cccc(NC(=O)c3cccc(S(=O)(=N)c4ccc([*])cc4C)c3)c2)cc1,True,True,False
70,[*]Nc1cc(CCc2ccc(OC(=O)OCCCCCCCC)cc2)ccc1[*],True,True,False
71,[*]OCCCCN1C([*])C(=O)c2ccc(OC2C(F)(F)F)cc2[Si]c2ccccc2c2,False,True,False
72,[*]Cc1ccc(-c2cccc(C(=O)c3ccc([*])o3)c2C#N)cc1,True,True,False
73,[*]CC(=O)c1cccc(NCCCOP(=O)(OC)Oc2ccc(C([*])=O)cc2[Si](C)(C)C)c1,True,True,False
74,[*]C(=O)c1ccc(OCC([*])Oc2ccc(-c3ccccc3)cc2)cc1,True,True,False
75,[*]CCC([*])C(=O)N(CCC)CCCC,True,True,False
76,[*]c1cccc2cc(C(=O)Oc3cc(/N=N/c4ccc([*])cc4)ccc3n2CCC#N)cc1,False,True,False
77,[*]OCC[Se]C([*])(C)CCCNC(=O)OCc1cc(C(=O)N(C)C)ccc1,True,True,False
78,[*]Nc1ccc(Cc2ccc(NC(=O)C(CCN(CC)c3ccc(C([*])=O)cc3)C(=O)NCC(C)(C)C)cc2)c(C#N)c1,True,True,False
79,[*]CCCC([*])(C)C(=O)N(c1ccc(C(=O)c2ccc(NC(=O)c3ccc4c(c3)C(=O)N(CCCCCCN)C(=O)N(c3ccc(C)cc3)C3=O)c2)c(S2)c1,False,True,False
80,[*]C(=O)N(CC(=O)OCCOCC)(Oc1ccc([*])cc1)C(=O)Oc1ccccc1,False,True,False
81,[*]C(=O)P([*])(C)C(=O)OCC1(C)C1(C)CC(F)(F)F,False,True,False
82,[*]CCc1ccc(C([*])S(=O)(=O)c2ccc(C(=O)OCCCN(C)c3ccc(C)c(C)c3)cc2C)cc1,True,True,False
83,[*]Oc1ccc(CCCCCCCCOc2ccc(OC([*])=O)cc2)cc1,True,True,False
84,[*]CC([*])(C(C)C)C(CCC)CCC(C)(C)C,True,True,False
85,[*]CCN(CCCC)C(=O)Nc1ccc(Oc2ccc(NC(=O)c3ccc(C(=O)OCCOc4ccc([*])cc4)cc3)cc2)cc1,True,True,False
86,[*]Oc1ccc(C(=O)N(c2ccc(Br)cc2)c2ccc(Oc3ccc(NC(=O)C(=O)Nc4ccc(C([*])=S)cc4)cc3)cc2)c1,False,True,False
87,[*]CCCCCCCc1ccc(Oc2ccc(C(=O)N3CCCCC(OCCN4C(=O)c5ccc7c(c5)C(=O)S(=O)(=O)OCCCCCC(O)C([*])C6=O)c4C3)nc2)cc1,False,True,False
88,[*]C=CCCCN(C)c1cc(C)c(CCCCC(=O)O[*])cc1-c1ccccc1,True,True,False
89,[*]Nc1ccc(/C=C/c2ccc(-c3nnc(CSC([*])=O)c3)cc2)cc1,False,True,False
90,[*]OC(=O)c1ccc(OC(=O)c2ccc3c(=O)Nc3ccc(CCCCN3C(=O)c4ccc(C([*])=O)cc4C3=O)cc2)cc1,True,True,False
91,[*]CCN(CCC#N)c1cccc(C(=O)NCCCCCCCCC(=O)Nc2c(OCCCCCOc3c(C)ccc(C)c3[*])cc2)C1,False,True,False
92,[*]CCc1cc(C=CC(C)CCCCC)ccc1OC1=[*],False,True,False
93,[*]CC(C)(CNC(=O)C/C=C(\C)Oc1ccc(C([*])(C)C)cc1)c1ccc(S(=O)(=O)O[Si](C)(C)C)cc1,True,True,False
94,[*]CCNC(=O)CCCSc1ccc(C(=O)NNC(=O)C(=[*])N(CCCC)C(=O)Cl)c1,False,True,False
95,[*]C=CC(OS(=O)(=O)c1ccc(C)cc1)c1ccc(/N=C/c2ccc(-c3ccc(C([*])=S)cc3)cc2)c2ccccc21SC(C)=O,False,True,False
96,[*]CCN(CC)c1ccc(-n2oc2)c(C(=O)OC(=O)C(-c3ccc(C([*])=O)s3)C2)cc1,False,True,False
97,[*]=Nc1ccc(NC(=O)c2cc(C(C)C)c(C(=O)Oc3ccc(OC([*])=O)cc3C)cc2)cc1,True,True,False
98,[*]=CC(CCCC=NC(=O)OCc1ccccc1)NCCOC(=O)Cc1ccc(C([*])=S)cc1,True,True,False
99,[*]Nc1ccc(-c2ccc(C(=O)NCCCCCc3ccccc3[Si]([*])(=O)=O)cc2)c(C(C)(C)C)c1,True,True,False
100,[*]c1ccc(CCCCCCCC)c(NC(=O)NCC([*])(C#N)CS(=O)(=O)c2ccc(-c3ccccc3)s2)c1,True,True,False
101,[*]Cc1ccc([nH](=O)[O-])cc1nc1CCCCS(=O)(=O)C=C(C#N)C([*])(C)C,False,True,False
102,[*]C=Cc1ccccc1OCC(=O)OCCCOc1ccc(/N=C/c2ccc(S([*])=O)cc2)cc1,True,True,False
103,[*]CCC(=O)C([*])CCCC,True,True,False
104,[*]C(=O)Nc1ccc2c(C)cccc1-c1ccc(N2C(=O)OCCCCCC(OC3CC4C(=O)c5ccc(C([*])=O)cc4)C=O)cc3C2=O,False,True,False
105,[*]c1cc(OC)c(N2C(=O)c3ccc(C([*])(C)c4ccc(C)cc4)cc3)c2cc(C(F)(F)F)ccc2c1,False,True,False
106,[*]CCCNC(=O)CC/C=C/C(=O)NC1CCC(=O)N[*],False,True,False
107,[*]C#CC(=O)NCCCCCNC(=O)Cc1ccc(NC(=O)Oc2ccc(C([*])=O)cc2)cc1,True,True,False
108,[*]N=Cc1ccc(C=CCCCNC(=O)c2ccc(Cc3cccc(/C=C/C=C/C(=O)Oc4ccc(C([*])=O)c4)cc3-c3ccccc3CCCCC)cc2)C2=O,False,True,False
109,[*]NCCCCCC(=O)c1ccc(S(=O)(=O)CCNC(=O)c2ccc(OCCn3ccc([*])nc3)cc2)cc1C,False,True,False
110,[*]CCCC(=O)Oc1ccc(OC([*])CCC)cc1,True,True,False
111,[*]Oc1ccc(CCCC)c(Oc2ccc(C([*])=O)cc2OCCCOc2ccc(S2(=O)OC3=O)cc2)c1,False,True,False
112,[*]NC(=O)c1ccc2c(=O)Oc1ccc(C(=O)N(c2cc(C)cc([*])c3)C3=O)cc1OCCCCCCCC(=O)O,False,True,False
113,[*]Cc1ccc(OCCCCOc2cc(CS([*])(=O)=O)cc2Oc2ccc(C#C)cc2)cc1,False,True,False
114,[*]C=CCCCCCCCCCCOc1ccc(C(=O)c2ccc(C(=O)OC(=[*])CCCCCOC(C#N)=O)cc2)cc1,True,True,False
115,[*]CCC([*])CCCC(=O)NCc1ccc(COC3(C)CCCCCC2)cc1,False,True,False
116,[*]CC(C)CC(=O)NC([*])=O,True,True,False
117,[*]Nc1ccc(C(=O)c2nc([*])OCCc3ccccc33)cc1,False,True,False
118,[*]CC(=O)OCCCCCCCCOc1ccc(C(=O)Nc2ccc(Cc3ccc(O[*])cc3)cc2)cc1,True,True,False
119,[*]N=Cc1ccc(OCCCCCCCCCCCc2ccc(OC([*])=O)cc2)cc1OCCOCCCOC(=O)OCCC,True,True,False
120,[*]c1ccc(S(=O)(=O)c2ccc(C([*])=O)cc2)c(CCCCCCC)c1,True,True,False
121,[*]OCCOC(=O)c1ccc(NC(=O)CCCCCCCc2cccnc2C(=O)N[*])cc1,True,True,False
122,[*]CC(C)CCCCCCC(=O)Nc1cc(OC(=O)c2ccc(C([*])=O)cc2C)cc1,False,True,False
123,[*]CC#Cc1ccc(OC(=O)c2ccc3nc([*])nc2)cc1,False,True,False
124,[*]C=NC(CCCCCO[*])OCc1ccc(OC)cc1,True,True,False
125,[*]CCCCCCN(CCOC(=O)c1ccccc1)C(=O)c1ccc(C([*])(C)CC)cc1,True,True,False
126,[*]c1ccc(C(=O)NCCCCCCCCOc2ccc(/C=N/c3ccc(OCc4ccc(Sc5ccc([*])cc4)cc3)cc2)cc1,False,True,False
127,[*]CC(C)CCCC(=O)OCCOC([*])=O,True,True,False
128,[*]C(=O)c1ccc(Oc2ccc(CCCCCCN3C(=[*])OC3C3=O)cc2)cc1,False,True,False
129,[*]CN1C(=O)c2ccc(Oc3ccc(C([*])=O)cc3)nc2c1,False,True,False
130,[*]C(=O)c1ccc(Oc2ccc(N3C(=O)c4ccc4c(c4ccc(Oc5ccc(C([*])=O)cc5)cc4)cc3)NC2=O)cc1,False,True,False
131,[*]CC(=O)NNC(=O)c1ccc(NC(=O)C(CCC(Oc2ccc(C)cc2)(C#N)C(=O)Oc2ccc(OC(=[*])c3ccccc3)cc2)cc1)OC,True,True,False
132,[*]COC(=O)c1ccc(CC(CCCCC)C)c(OC(=O)CCCCCOc2cccc(C(=O)O[*])c2)c1,True,True,False
133,[*]CCSCC(=O)OC1C3C(COC(=O)c3cccc(C=[*])c3)c2ccccc212,False,True,False
134,[*]/C=C/c1cc(OCCCCCC)c(OC(=O)C([*])=O)cc1Cl,True,True,False
135,[*]CCOC(=O)c1ccc(CCCCCC=Cc2ccc(Oc3ccccc3C([*])=O)cc2)C(C)(C)C(F)(F)F,False,True,False
136,[*]CCCCCN(C)C(=O)Sc1ccc(Oc2ccc(Sc3c(Cl)c3ccc(OCC(F)(F)F)cc3)c(N([*])=O)c2)cc1,False,True,False
137,[*]CC(=S)NC(Cl)C([*])C(=O)OCCCC,True,True,False
138,[*]CC(O)CC([*])NC(=O)C1CC(C)C2CCC1,False,True,False
139,[*]CCO1CCCCP(=O)(c2ccccc2)c1Oc1ccc(C(=O)Oc2ccc(CCOC(=O)OCC3COO[*])cc2)cc1,False,True,False
140,[*]COc1ccc(OCCN(CC)S(=O)(=O)c2cccn3)[nH](-c3ccc(-c4ccc(OCCCC)cc4)n([*])c3)cc2C1=O,False,True,False
141,[*]Cc1ccc(OC(=O)Nc2nc3cc(CCc4ccc(NC(=O)OCCCCCCCCCCCCc5cc(OCC[Si]([*])(C)C)cc4)cc3)cc2)cc1,False,True,False
142,[*]COc1c(C)c(OC(=O)c2ccc(-c3ccc(NOC(=O)O[*])cc3)cc2)c(C(=O)O)c1,False,True,False
143,[*]C=CC(C)(Cc1ccc(OC=C(Cl)OC2[*])C2=O)cc1C(C)(C)C,False,True,False
144,[*]CCCCCCOCCOc1ccc(C(=O)c2ccc(Oc4cc(C)c(O[*])cc4C3=O)C3=O)cc2C(C)C#N,False,True,False
145,[*]CN(C)C(=O)c1ccc2cccc(C(=O)N(C#N)C(=O)c3ccc([*])n3)c22s1,False,True,False
146,[*]CC(C)(Cc1ccc(Cl)cc1)C(=O)C11CCC([*])CC1,False,True,False
147,[*]CC(=O)NC(Cc1ccc(OC([*])=S)cc1)c1ccc(OCCC)cc1,True,True,False
148,[*]Oc1ccc(C(=O)Nc2ccc(Cl)c(Cc3ccccc3)c2[*])c(O)c1,True,True,False
149,[*]c1cc(S(=O)(=O)OCCCCc2ccc(ON([*])c3cccnc3C)cc2)c(CC)n1,False,True,False
150,[*]OC(=O)c1cc([*])ccc1OCCC(=O)OCCN(CCCCS(=O)(=O)CC(C)C)c1ccccc1,True,True,False
151,[*]CCc1ccc(NC(=O)c2ccc(CCCCC(O)CN(c3cc(C)c(O[*])c(Cl)c3)cc2C)cc1,False,True,False
152,[*]C(=O)Oc1cc(C)c(OC(=O)OCC(O)COc2ccc(OC(=O)c3ccc(O[*])c(C)c3)cc2)c1C,False,True,False
153,[*]CC(=O)Oc1ccc(-c2ccc(OC(=O)CCCCC([*])=O)o2)cc1,True,True,False
154,[*]CCCCC(=O)NCCCCCNC(=O)C(c1ccc(CCNC(=O)CCC(=O)O[*])Cc1ccc2)cc1,False,True,False
155,[*]CC([*])OC(=O)c1ccc(-c2ccccc2Sc2ccc(S(=O)(=O)Oc3ccc(N(CC(F)(F)F)OCC)cc3)cc2)cc1,True,True,False
156,[*]CC(C)NC(=O)c1ccc(CCC(=O)NCCNC(=O)c2ccc([*])s2)o1,True,True,False
157,[*]OCCCCCCOc1ccc(NC(=O)P(=O)(Oc2ccc(OCCCCCC[*])cc2)cc1,False,True,False
158,[*]CC(C)CCCCC(=O)OCCCCCN1COC(=O)c2ccc(O[*])cc2c1,False,True,False
159,[*]CNC(=O)c1ccc(Oc2ccc(-c3ccc(NC(=O)OCCCCCOc4ccc(C([*])=O)cc4)cc3)cc2)cc1,True,True,False
160,[*]CCN(CCO)COC(=O)/C=C/C(=O)Oc1ccc(C([*])(C)C#N)cc1,True,True,False
161,[*]C=CC/C(C=C\Cc1ccc(/N=N/c2cc([*])c(OCCCCCCCCCCCCC)cc2)cc1)C(=O)OCCCCC,True,True,False
162,[*]=CC([*])CCc1cccc(C(=O)c2ccccc2Oc2ccc(C(F)(F)F)cc2[N+]c2ccccc22)c1,False,True,False
163,[*]CC(O)COC(=O)c1ccc(C2(CCc3ccc(C([*])=O)nc3)cc2)C1=O,True,True,False
164,[*]Cc1ccc(OCCCN(C)c2ccc(/N=C/c3ccc(O[*])cc3)[nH]2)cc1,True,True,False
165,[*]C#CCOC(=O)c1ccc(CC([Ca])C([*])(Cl)F)c2ccccc2c1,False,True,False
166,[*]CCCCCCN(C)c1cc(Br)c(OCC([*])CCCC)cc1/[Si](C)=N(\CC)SCCC,False,True,False
167,[*]CC(O)CCCN1C(=O)c2ccc(O[Si](C)(C)c3ccc(O[*])cc3)cc2ccccc1,False,True,False
168,[*]C=CCCCCCCC(=O)Nc1ccc(C(C)c2ccccc2O[*])cc1,True,True,False
169,[*]C=CC(=O)OCc1cc(C(NC(=O)O[*])C(F)(F)F)ccc1,True,True,False
170,[*]Oc1cc(OC(=O)c2cc(N(C(=O)O)c3ccc(C(O)(O)C(O)(C(F)(F)C(F)(F)C(F)(F)F)cc3)C(F)(F)C(F)(F)F)cc2)N(](=O)OC(=O)c2ccc(C([*])=O)c2)c1,False,True,False
171,[*]C=CCCC(=O)Oc1ccc(NC(=[*])CCCCCCC)c(Cl)c1Cl,True,True,False
172,[*]OCC(O)CN1C(=O)Nc2ccc(C(=O)NCCCN2C(=O)c3ccc([*])cc3C2=O)cc2C1,True,True,False
173,[*]CCCCCc1ccc(C(C)c2ccc(CCN([*])C#N)cc2)cc1,True,True,False
174,[*]CCCCOC(=O)CCc1ccc(OCc2ccc(N=CC(=O)O[*])cc2)cc1,True,True,False
175,[*]Oc1ccc(C(=O)NNC(=O)c2ccc(/N=N/c3ccc([Si]([*])(C)c4ccccc4/N=N/c4ccc(Cl)cc4)cc3)cc2)cc1,True,True,False
176,[*]Nc1ccc(/C(C#N)=C2/[Si]([*])(C)c3ccccc3Cl)c(CCC)c1,False,True,False
177,[*]NCCCCCCCCN1C(=O)c2ccc([*])cc2c1=O,True,True,False
178,[*]CC(C)Nc1ccc(NC(=O)Nc2ccc(S([*])(=O)=O)cc2[N+](C)=O)cc1,True,True,False
179,[*]C=Cc1ccc(Oc2c(F)c(F)c(F)c([*])c3ccc(F)cc3)cc1,False,True,False
180,[*]C(=O)OCCCCCCCCc1ccc(OC([*])=O)CCC2CCCCCC22,False,True,False
181,[*]c1ccc(C(=O)Oc2ccc(CCCN(c3ccc([N+](=O)[O-])c(S([*])(=O)=O)cc4)cc3C(C)(C)C)cc2Cl)c(-c2ccccc23)cc1,False,True,False
182,[*]CC(COC(=O)Nc1ccccc1N([*])c1ccc(C(C)(C)C)cc1)OC(F)(F)F,True,True,False
183,[*]Oc1cc(Cl)c(/C=C2\CC3([*])C3=Cc(C#N)c3ccc([Si](C)(C)C)cc3)c2c1=O,False,True,False
184,[*]c1cc(F)c(OCC(F)(F)C(F)(F)C(F)(F)C(F)(F)F)c(Oc2ccc(C)cc2C)c(O[*])c1,False,True,False
185,[*]NC(C)(C)C(=O)c1ccccc1C(=O)OCCCCCCOC(=O)C(F)(F)C(F)(F)C([*])=O,True,True,False
186,[*]/C=C/CCCCCOC(=O)c1ccc(Cl)c(-c2sc([*])c(OCCSC2=O)c2ccc(F)cc23)c1,False,True,False
187,[*]CCCCCCNC(=O)c1ccc(-c2c(Cl)cc(C(=O)OCCCCCCNC(=O)c3ccc(C([*])=O)cc3N)c2)o1,False,True,False
188,[*]c1ccc(C(=O)Oc2ccc([nH]3C(=O)c3ccc([*])cc3OC)cc2)cc1,False,True,False
189,[*]COC(C)Oc1cc(C(=O)OC(C)=O)c(Oc2ccc(/C=N/c3ccc([*])cc3)cc2)cc1,True,True,False
190,[*]C(C)CCCCCCCCC([*])(C#N)c1ccccc1C(=O)OC,True,True,False
191,[*]CCCCC(=O)Oc1ccc(C(O[*])(C#N)C(=O)OCCCCCC)cc1,True,True,False
192,[*]CC([*])(C)C(=O)Nc1ccc(Cc2cccc(N)c2)nc1,True,True,False
193,[*]Nc1ccc(CCCOS(=O)(=O)c2cccc(Oc3ccc(NC(=O)Oc4cccc(C([*])=O)c4)cc3)c2)cc1,True,True,False
194,[*]C=CP(=O)(Cc1ccc(-c2ccc(OCCCCC(=O)OC)cc2)C([*])cc1)OCc1ccccc1,True,True,False
195,[*]CCC/C=C/c1ccc2nc(CCN(CC)C(=O)c3ccccc33)ccc1[*],False,True,False
196,[*]CCCCCCCCCCCCCNc1ccc(-c2cc(NCCCCN3C([*])=O)cc2)cc1,False,True,False
197,[*]NC(CCC#N)Oc1ccc(N2C(=O)c3ccc(O[Si]([*])(C)C)cc3C2=O)cc1,True,True,False
198,[*]CC(O[Si]([*])(CC)C)OC(=O)N1CCC(C)O1,True,True,False
199,[*]=Cc1ccc(CCCO[Si](C)(=O)c2cc(C#N)ccc2[Se]c2ccc(OCc3ccc([*])cc3C)cc2)c(C)c1,True,True,False
200,[*]CCCCCCCOC(=O)CCCNC(=O)c1ccc(C(=O)OCc2ccc(O[*])cc2)cc1,True,True,False
201,[*]Oc1ccc(NC(=O)CCCC(=O)Nc2ccc(Oc3ccc(C(=O)CN(c4ccc(C([*])=O)cc4)cc3)cc3)cc2)c(OCBr)c1,False,True,False
202,[*]C(=O)Nc1ccc(OC(=O)C2CCCCCCCCCCCCC(=O)Nc3ccc([*])c(C)n3)cc2CCCCC1,True,True,False
203,[*]CCOC(=O)c1ccc2cc([Si](C)(C)NC(=O)C(=O)N[Si]([*])(C)C#N)cc1,False,True,False
204,[*]Cc1cc([O-])oc(Oc2ccc3nnc(C=O)c3Oc3ccccnc3-c3ccccc3)cc2O[*],False,True,False
205,[*]OCCCC(CC)Oc1ccc(/C(=C\[*])OCCCC)nc1,True,True,False
206,[*]C=Cc1cccc(C=CCOC(=O)c2ccc(N(C)CC(C)(C)c3ccc([*])cc3)cc2)c1,True,True,False
207,[*]Oc1ccc(-c2cc(C(=O)c3cc(C)c(O[Si]([*])(C)C)cc3)c(C(=O)c3ccc(OCCCCCCCC)cc3)cc2)cc1,True,True,False
208,[*]CCCCCCCCC/N=N/C(C)C(=O)OCCCC([*])c1ccccc1Cl,True,True,False
209,[*]CCCC(C=C)N(CCc1ccc(Cc2ccc(OC(=O)CCCCCCC([*])=O)cc2)C(C)C)cc1,False,True,False
210,[*]CCP(CCCCCCCCCOc1ccc2c(c1)C(c1ccccc1)C(=O)Oc1ccc([*])cc1)C2=O,True,True,False
211,[*]=C=CC(CC([*])(C)C#N)C(=O)OC1(C)C1OC(C)(OC2COC2=CCC2(C)C)C1,False,True,False
212,[*]C(=O)c1ccc(N([*])c2ccc(C(=O)OC(C)(C)CC(F)(F)C(F)(F)C(F)(F)F)cc2)cc1,True,True,False
213,[*]C=CC(OCCC)Cc1ccc([*])cc1,True,True,False
214,[*]CC([*])CCCCCCCNC(C)OCC,True,True,False
215,[*]CC([*])(CCCCCCCOc1ccc(C)cc1)C(=O)Oc1ccccc1Zn,False,True,False
216,[*]CC([*])C(=O)OCCCCCCNC(C)(C)CC1,False,True,False
217,[*]ON1C(=O)c2ccc(P([*])(=O)c3ccc(C)cc3)c(S(=O)(OC)c2ccccc2)cc1,False,True,False
218,[*]CC([*])(C)C(=O)NCCCCCCCCCOC(=O)c1cnc(Br)c(Br)c1,True,True,False
219,[*]C=Cc1ccc(Oc2ccc(COc3ccc(-c4ccc(OC(=O)NC[N+]([*])C)cc4C#N)cc3C)nc2)cc1,True,True,False
220,[*]NCCC(=O)c1ccc(Oc2cccc(CC(=O)Oc3ccccc3)(O)/C=Cc3ccc(O[*])cc3)c2ccccc22,False,True,False
221,[*]CC1CCC(COC(=O)c2ccc(CO[*])cc2C)C1,True,True,False
222,[*]OC(=O)Cc1ccc(C(C)(C)c2ccccc2OC(=O)c2ccc(C(=O)c3ccc4c(c3)C(=O)N(c3ccc(C([*])=O)cc3)C4=O)cc2-c2ccccc2)c1,False,True,False
223,[*]Nc1ccc(Oc2ccc(-c3cc(C)c(O[Si]([*])(C)C)c(Oc4cccc(OC(=O)CCCCC(F)(F)C(F)(F)C(F)(F)C#N)c4)c3)c3)cc2C#N,False,True,False
224,[*]CC(=O)N(Cc1ccc([*])c([N+](=O)[O-])c1C)C(=O)OC,True,True,False
225,[*]c1ccc(N=C(c2ccc(C#N)cc2)C(=C([*])CC#N)c2ccccc2)cc1,True,True,False
226,[*]CC(=O)OCc1c(OC)cc(C(OC)O[Si](C)(Oc2ccc([*])cc2)c2ccccc2)cc1,True,True,False
227,[*]CCCCCCOC(=O)c1ccc(C(=O)Oc2ccc(C#CCP3C(c4ccccc4)N3C(=O)c4ccc(O[*])cc4)cc3)cc21,False,True,False
228,[*]CC([*])C(=O)N(CCc1ccccc1)C#N,True,True,False
229,[*]CCCCCCc1c(Br)cc(CSC(=O)O[*])c(CCC)c1,True,True,False
230,[*]CCCCCCCCN([*])c1ccc(-c2cc(OCCCCC)ccc2)cc1,True,True,False
231,[*]=Nc1ccc(NC(=O)c2nc3ccc4c(c3C(=O)OCCCCOC([*])(C)C)cc2)cc1,False,True,False
232,[*]N[Se]c1cc(=O)nc(CC=C/C(=O)NCCC(=C[N+]([*])=S)c2)cc(N(C)C)c1,False,True,False
233,[*]CC([*])c1ccc(OCC2(C)c3ccc(OC)cc3)cc1,False,True,False
234,[*]CCC(C)c1cccc2c(=O)NC(=O)c2ccc([*])cc2C=C(C)C=O,False,True,False
235,[*]OC(=O)CCCCC(=O)Oc1ccc(-c2ccc(OC([*])(C)C)cc2-c2cccn2)cc1,False,True,False
236,[*]OC(=O)c1ccc(C(=O)OCC(=O)Oc2ccc(/C=N/C(=O)/C=N/C(=O)c3ccc(S(=O)(=O)c4ccc([*])cc4)c(=O)c3)cc2)cc1,False,True,False
237,[*]C=C(CCCCCCOc1ccc(/N=N/c2ccc(O[*])cc2)cc1)Oc1ccc2ccccc12,False,True,False
238,[*]CC([*])(C(=O)OCCCCCCC)C(=O)C(C)=C(OCc1ccc(/N=N/c2ccccc2C)cc1)C(=O)C(F)F,True,True,False
239,[*]CC([*])c1ccc(CC(=O)NCc2ccc(COCCCC3)cc2)cc1,False,True,False
240,[*]CCCCCCCCN1C(=O)c2cc(OCCC)c(/C=C/c3ccc([IH](=O)[O-])cc3C(=O)OCCCCCOc3ccc(S([*])(=O)=O)cc3)cc2C#N,False,True,False
241,[*]CC(=O)NCCCCCCNC(=S)N(c1ccc([*])cc1)c1ccccc1,True,True,False
242,[*]N1C([*])C(=O)OC(COc2ccc(CC)cc2C)C1O,True,True,False
243,[*]CCCNC(=O)c1ccc(CCC(=O)Nc2ccc(-c3ccc(C#N)cc3[N+](=O)[O-])cc2)cc1[*],True,True,False
244,[*]Oc1ccc(C(CCCC)C(=O)Nc2ccn(-c3ccc(C([*])=O)cc3)c(OC#N)c2)cc1,False,True,False
245,[*]CCOc1ccc(NC(=O)CCCCCCCCC(=O)Nc2cc(-c3ccc(CCCCCC)c([*])o3)cc2)cc1OCCCCCCCC,False,True,False
246,[*]CCc1cccc(N=[*])c(=O)c1Nc1cccc(I)c1,True,True,False
247,[*]OCC(C)(C=[*])CC1(C)CO[Si](C)(C)C,False,True,False
248,[*]CCCCCOc1ccc(S(=O)(=O)c2ccc(NC(=O)c3cccc(Oc4[*])c4C(=O)OCCCCC)c3)cc2C1=O,False,True,False
249,[*]C=Cc1ccc(OC(=O)c2ccc([Si](c3ccccc3)(c3ccc(C(F)(F)F)cc3)c3ccc(C([*])=O)cc3)cc2C)c1,False,True,False
250,[*]CC(CC(=O)OC)N1CC(S([*])(CC)CC2)COC(=O)C1,False,True,False
251,[*]CCCN(CCCCCCC)COC(=O)CCP(=O)(Cc1ccccc1)CC(=O)N[*],True,True,False
252,[*]CCCCCCc1cccc(C(=O)Nc2cc(OCCCCCCCCCCO)cc(N[*])c2)c1,True,True,False
253,[*]CC([*])C(=O)OCCCCCc1ccc([N+](=O)[O-])cc1,True,True,False
254,[*]C=C(CCCCCC=O)c1ccc(Oc2ccc(NCCCCCC)cc2)c([*])o1,False,True,False
255,[*]CCCCCOc1ccc(NC(=O)CCCCCC(=O)Oc2ccc(O[*])cc2)cc1C,True,True,False
256,[*]C(=S)CCCCCC([*])=C(F)(F)c1cccc(F)c1F,False,True,False
257,[*]OCCOC(=O)c1c(OCCCCCC)cc(Oc2ccc(C)cc2)(OC(=O)CCCCCCCCCCC(=O)Oc2cc(C)cc([*])c2C)cc1C,False,True,False
258,[*]CC(=O)CCCCCCCc1ccc(C(=O)Oc2ccc(O[*])cc2)cc1,True,True,False
259,[*]CCCCCCCOc1ccc(NC(=O)c2ccc(C(=O)Oc3cc(C#CC(CC)c4cccc(OCCCCCCCCCCC)c4)cc3)c([*])c2ccc1,False,True,False
260,[*]Cc1ccc(OC(=O)c2ccc3c(c2)CCCC(=O)/C=C/c2ccc(C([*])=O)cc2)cc1,False,True,False
261,[*]CCOCCOCCOCCCCCCOC(=O)Nc1ccc(C(=O)Nc2ccc(NC(=O)c3ccc4c(=O)N([*])C4=O)c3)cc2C(=O)OCCCCC2=O,False,True,False
262,[*]Nc1cc(Cl)c(C(=O)Oc2ccc(NC(=O)c3ccc(Oc4ccc(C([*])=O)cc4)cc3)cc2[N+](=O)[O-])c1,False,True,False
263,[*]Oc1ccc(/N=C/c2ccc(SC(=O)c3cc(C)cc(OCCCC)c3C([*])=O)cc2)nc1,True,True,False
264,[*]c1ccc(NC(=O)c2ccc(S(=O)(=O)N(CCN2C(=O)c3ccc([N+](=O)[O-])cc3)C3=O)cc2)cc1[*],False,True,False
265,[*]Nc1ccc(Oc2ccc3c(c2)C(=O)N(CCCCN)c2ccc([*])cc2)C2=O,False,True,False
266,[*]C#CCCCC(CCCC)c1ccc(OC(=O)c2ccc([*])cc2)cc1OC,True,True,False
267,[*]CS(=O)(=O)NC(C)(CCCCC)/C=C/c1cccc([*])c1,True,True,False
268,[*]OCC(=O)Nc1ccccc1OCCCCCOP(=O)(Oc1ccc(OCc2ccc(C([*])=O)cc2)c1)c1ccccc1,False,True,False
269,[*]CCCCCCCCCN1C(=O)c2cc(OCC(CCCC)OCO[*])ccc2C1=O,True,True,False
270,[*]CN([*])c1cc(CC(=O)OC)cc(CC)c1-c1ccccc1,True,True,False
271,[*]c1ccc(OC(=O)C(CC)N(C)c2ccc(CC(=O)Nc3ccc(Cc4ccc(NC(=O)CCCCCCSCC)cc4)cc3)cc2)C([*])=O,False,True,False
272,[*]CC1CCC(=CC(OC(=O)NNC(=O)S2ccc(C(C)=O)cc2)Oc2ccc(C(C/[N+]([*])=O)[O-])cc2)cc1,False,True,False
273,[*]=c1ccc(Oc2ccc(Oc3ccc(OCCCC)cc3)cc2Sc2ccccc2[*])cc1O,False,True,False
274,[*]OC(=O)c1ccc(/C=C/[Si](-c2ccc(C([*])=O)cc2)o1)[SH](F)(F)F,True,True,False
275,[*]Oc1ccc(-c2nnc([*])c(C(=O)S(C)(C)C)c2)cc1C,True,True,False
276,[*]CC([*])c1ccc(OCC([Se])(Cl)C)c(C)c1,True,True,False
277,[*]CCC1(COC(=O)OCC([*])C=C)CCC(=O)NCC(C)(C)C,False,True,False
278,[*]COC(=O)c1cc(CCCCCCCCOc2ccc(-c3ccc(N[*])cc3)cc2)ccc1C,True,True,False
279,[*]CCCOC(=O)c1ccccc1/C=N/c1ccc(O[*])cc1,True,True,False
280,[*]CC(C)(C)COc1ccc(NC(=O)Nc2ccccc2C(=O)Oc2ccc(C3(c4cccc(OC([*])=O)c4)cc3)cc2)OC1,True,True,False
281,[*]C(=O)C([*])=NC(=O)/C=C/[N+](=O)[O-],True,True,False
282,[*]OCC(C)Oc1ccc(OC(=O)CCCCCCCCCCCC2)c2ccc(Oc3ccc(C([*])=O)cc3)cc2OC(=O)Oc2ccccc21,False,True,False
283,[*]Nc1ccc(NC(=O)c2ccc(C(=O)c3ccc(/N=N/c4ccc(N(CC)c5ccc(P([*])(=O)c6ccccc6)cc5)cc4)cc3)cc2)cc1,True,True,False
284,[*]C=CCCCCC(=O)NC(Cc1ccc(CO)cc1)C([*])=O,True,True,False
285,[*]c1ccc(OC(=O)CCCCCN2C(=O)c3ccc(C([*])=O)cc3)cc2C(COCC)c1,False,True,False
286,[*]CCCCNC(=O)CCCCC(=O)Oc1ccc(OCCCCCCCCCNC([*])=O)cc1,True,True,False
287,[*]CCC(=O)Oc1ccc(C(=O)Oc2cccc(OC([*])CCC3C2C(F)(F)F)c2ccccc2C(=O)O)cc1,False,True,False
288,[*]c1cc([*])c(S(=O)(=O)Nc2ccc(OCC[Si](C)(C)CC)cc2)c(S(=O)(=O)Oc2ccc(N(CC)CC)cc2)c1,True,True,False
289,[*]NCC(=O)O[Si](C)(C)CCc1cccc(CN2C(=O)c3ccc([*])cc3C2=O)c1,True,True,False
290,[*]CCCC(=O)Nc1ccc(NC(=O)CCCOC(=O)NCC(C)N[*])cc1,True,True,False
291,[*]N=Nc1ccc(Oc2ccc3cc([*])ccc2)c2ccccc2B2C(Cc2ccccc2)cc1,False,True,False
292,[*]CC/C=C(\CCCC)c1cc([*])cc(OCCCC(C)(C)C)c1,True,True,False
293,[*]CCC(CCCS(=O)(=O)COCCCCC(=O)O[*])CN(C)CCCC[N+](=O)[N+](C)(C)C,True,True,False
294,[*]Oc1cc(C)c(NC(=O)CCCCCCCCC(=O)Nc2ccc(C([*])=O)cc2-c2ccccc2c2)o1,False,True,False
295,[*]CC(C)CNC(=O)c1ccc(C(=O)NCCCCCCCOc2ccc(N3C(=O)c4ccc([*])cc4C3=O)cc2)c(N)c1,True,True,False
296,[*]c1ccc(NC(=O)N/C=C/C(=O)c2ccc([Si]([*])(C)c3ccc(/N=C/CCCCCC)cc3)cc2)cc1,True,True,False
297,[*]C(C)CN1C(=O)c2ccc(Oc3ccccc3C(=[*])/C=C/C(C)C)cc2[N+](=O)[O-],False,True,False
298,[*]CCOC(=O)CC[Se](CCCCCCC)(CC)CCC(=O)N[*],True,True,False
299,[*]CC([*])CNc1ccc(CCCCNC(=O)Oc2ccc(CC3ccc(OCCCC3CN(Cc4ccc(/N=N/c5ccccc6)cc4)cc3)CCC2)cc1,False,True,False
300,[*]C(=N)/C=C(/[*])C[N+](C)(C)Cc1ccc(-c2cc(OC#N)cc(C#N)c2)cc1,True,True,False
301,[*]CC([*])c1ccc(C(=O)OCCCCCCCCCOc2ccc(OC(=O)c3ccc(OCC)cc3)cc2)cc1,True,True,False
302,[*]CCC(=O)NCC([*])/C=N/C(C)(C)C,True,True,False
303,[*]CC1CC2C(CCOC(C)CCCC)(C)OCC2CCCC3C(=O)OP(=C(COC([*])=O)SCCCC)CC1,False,True,False
304,[*]C(=O)OCc1nc(C)cc(OC([*])CCC(C#N)(F)F)c1,True,True,False
305,[*]CC(C)CN(CCCOC(=O)c1ccc(C#N)cc1)C(=O)O[*],True,True,False
306,[*]Cc1ccc(OCCCCCCCCCNc2ccc(-c3ccc(NC(=O)c4ccc([N+](=O)[O-])cc4)cc3)cc2)cc1[*],True,True,False
307,[*]CCCCCC(c1ccccc1)CCCCCN(c1cc(OC)c([*])cc1O)CO1,False,True,False
308,[*]C([*])C(=O)Oc1c(C)cccc1OC(F)(F)F,True,True,False
309,[*]OCCCCCCCOc1ccc(-c2nnc([*])c3ccccc3/C=C/CCCCCc3ccccc2)s1,False,True,False
310,[*]CCCc1ccc(CCc2ccc(OCCCCCC)c(CCCCOc3ccc(O[*])cc3)cc2)cc1,False,True,False
311,[*]OCCCCNC(=O)c1ccc(/C=C/c2ccc(C(=O)OCC([*])(C)C)cc2)cc1,True,True,False
312,[*]c1ccc2c(c1)c1ccc(N(CCCCCOc3ccc(C([*])(C(F)(F)F)C(F)(F)F)cc3)cc2)cc1,True,True,False
313,[*]c1cc(C(=O)NCCCCCN([*])c2ccccc2)ccc(C(C)(C)CC)c1,False,True,False
314,[*]CCCOc1ccc(NC(=O)c2ccc(C(=O)Nc3ccc(OCC)c(S([*])(=O)=O)c3)cc2OC)cc1,True,True,False
315,[*]C=C([*])CC(=O)OCC(CC#C)c1ccc(OCCCC)cc1,True,True,False
316,[*]N([*])c1ccc(S(=O)(=O)c2cccc(CC[Ni](C)(C)C)c2)cc1,True,True,False
317,[*]CC(CCC(C)C)NC1C=CCC(=[*])CCNCCC1,True,True,False
318,[*]CC([*])(C)C(=O)OC1CCCC(CCCCC)OC(=O)O1,True,True,False
319,[*]CC(c1ccc(=O)CSc2cc(OC(=O)CCCC([*])C)ccc2)c(C(=O)O)c1,False,True,False
320,[*]C(O)C1C(=O)[Si](C)(C)C[Si]([*])CC21,False,True,False
321,[*]=Nc1ccccc1CCCCCCCCOc1ccc(-c2ccc(/N=N/c3ccc(OC(=O)c4cccc([*])c4-c4ccccc44=O)cc3)cc2)cc1,False,True,False
322,[*]NC(=O)OC(=O)c1ccc(C([*])(C)C(=O)Oc2ccc(OC(=O)c3ccc([N+](=O)[O-])cc3)cc2)cc1,True,True,False
323,[*]CCCP(=O)(CCCCCCOP(=O)(C([*])=O)OCc1ccccc1)c1ccccc12,False,True,False
324,[*]CC(C)(C)c1cc(C(=O)O[Si]([*])(C)c2ccc(Br)c(F)c2)ccc1,True,True,False
325,[*]CC([Sn])N(C)C(=O)CCCC(=O)N([*])C(F)(F)C1=O,False,True,False
326,[*]C=CC(C)CCNC(=S)Nc1ccc([*])cc1,True,True,False
327,[*]CC(C)c1ccc(C(=O)N2C(=O)c3ccc3c(c2)C(=O)N([*])C2=O)cc1,False,True,False
328,[*]c1ccc(OC(=O)c2ccc(Oc3ccc(C(C)(c4ccccc4)c4ccccc3)C([*])=O)cc2C(=O)O)c2ccccc23,False,True,False
329,[*]CC([*])Oc1ccc2c(c1)C(O)CCC/N=C/c1ccc(Oc3ccc([N+](=O)[O-])cc3)cc2-c2ccccc2c1,False,True,False
330,[*]CCC(O)Nc1cccc2OC(=O)CCCCCCC([*])(O)C21,False,True,False
331,[*]CC(=O)NCCc1cc(OCC(O)COc2ccc(C3(c4ccc([*])cc4)cc3)Cc2ccccc2/Nc2ccc(C)cc2)cc1,False,True,False
332,[*]C(=O)CCCC(=N)Nc1ccc(Cc2ccc(OC([*])=O)cc2)c(C=O)c1,True,True,False
333,[*]Nc1ccc(N(CCC)NC(=O)c2ccc(-c3ccccc3)nc2)c2ccc(NC([*])=O)cc2,False,True,False
334,[*]/C=C/c1cc(C(=O)c2ccc(Oc3ccc([*])cc3)cc2)cc(C(F)(F)F)c1,True,True,False
335,[*]CCCCCCN1C(=O)Oc2ccc(P(=O)(OCCCCCC)c3ccccc3[*])cc2C1=O,True,True,False
336,[*]CCCCOC(=O)c1ccccc1[N+](=O)[Se]c1ccc(C([*])(C)CO)cc1,True,True,False
337,[*]O[Si](C)(C)CCCCCCC(=O)Oc1ccc(C)cc1S(=O)(=O)c1ccc([*])cc1Oc1ccc(C)cc1,True,True,False
338,[*]CCC(C)CCCCOC(=O)CSCCSCCCC(=O)Nc1ccc(/N=N/c2ccc(C(=O)N[*])cc2)cc1,True,True,False
339,[*]=Nc1ccc(Oc2ccc(/C=C(\C)c3ccc([Si]([*])(C)C)cc3C)cc2)c(C)c1,True,True,False
340,[*]CCCCN(C(=O)c1ccc(-c2ccc([Si](C)(C)c3ccc(OC)cc3)c(O[Na])cc2)cc1[*],False,True,False
341,[*]NC(=O)c1ccc(C#Cc2ccc(/N=N/P(=O)(Nc3cccc(OC([*])=O)c3)c(C)c2)(C#N)C(=O)Oc2ccccc2)cc1,False,True,False
342,[*]/C=C/c1ccc(/C=C(/[*])CCOc2ccc(-c3cc[N+](=O)[O-])cc3)cc2-c1ccccc1,False,True,False
343,[*]c1cc(OCCCCC(=O)Nc2ccc([*])cc2OC(=O)Oc2cccc(OCC(O)CC(C)OC(C)=O)c2)cc1,False,True,False
344,[*]Cc1ccc(N=[*])cc1C(=O)N(CCCC)c1ccccc1,True,True,False
345,[*]OC(=O)c1cccn(S([*])(=O)=O)c1C,False,True,False
346,[*]Oc1ccc(N2C(=O)c3ccc(Oc4ccc5cc(c4)C(=O)Oc4ccc(C([*])(C)C)cc4)c3)cc2OC2=O,False,True,False
347,[*]CC([*])C(=O)Oc1cc(C)cc(C(=O)C)c1O,True,True,False
348,[*]CCC=Cc1ccc(CNC(=O)CCC(O)CO[*])cc1,True,True,False
349,[*]OC(C)COC(=O)c1ccc(Cc2ccc(OC(=O)CCNC(=O)OCCOc3ccc(NC(=O)c4ccc5c(c4)C(=O)NC([*])=O)c(C(=O)OC(C)(C)C)c3)cc2)cc1,False,True,False
350,[*]OCC(CCCN)C(=O)c1ccc(OCCCCCCC(=O)Oc2ccc(/C=N/CC([*])C#N)cc2)cc1,True,True,False
351,[*]c1cc(OC)c2ccc(S(=O)(=O)c3ccc([*])cc3C2=O)cP(C(C)(C)OC(F)(F)F)c11C(F)(F)COC2(C)C,False,True,False
352,[*]c1cc([*])c(OCC(F)(F)c2ccc(C)cc2)cc1-c1ccc(O[Si](C)(C)C)c(C=Cc2ccccc2)c1,True,True,False
353,[*]CC1CC(OC(C)CC)C([*])C(=O)Nc2ccc(CCCCC)cc2CC#N,False,True,False
354,[*]c1ccc([Si](NCCN2C(=O)c3ccc(Oc4ccc(C([*])(C)C)cc4)cc3OCCCC)nc2)cc1,True,True,False
355,[*]Nc1ccc([*])n1C(=O)NCCCCCCNC(=O)c2ccc(S(=O)(=O)O)cc21,False,True,False
356,[*]C=C(c1ccc(N)cc1)Sc1ccc(C(=O)NCCCN([*])c2ccccc2)cc1,True,True,False
357,[*]CCC(=O)Nc1ccc(OCCCCCCCCCCCCCOC(=O)Cc2ccc(C([*])=O)cc2)cc1,True,True,False
358,[*]Cc1ccccc1CSN(=O)c1ccc([Si](CCCCC(=O)N([*])C2=O)cc1,False,True,False
359,[*]Oc1ccc(-c2ccc(Oc3ccc(Oc4ccc(C(=O)c5ccc(OCCCCCCCCCCCCOP([*])=O)cc5)cc4C#C)cc3)cc2)cc1,True,True,False
360,[*]NC1CC(=O)c2ccc(Oc3ccc(C(C)(C)c4ccc(OC([*])=O)cc4)cc3)cc21,True,True,False
361,[*]CCOc1ccccc1-c1ccc(-c2cc(C(F)(F)C(F)(F)COC(=O)c3ccc(OCC=C)cc3)cc([*])c2)cc1C,True,True,False
362,[*]c1cc(Cl)c(C(=O)Oc2ccc(CCCCC([*])C)c(Cl)c2)cc1Sc1C,False,True,False
363,[*]C=CCCC(=O)OC1C(C2CO[Si]([*])(=O)/N=N/c2ccccc23)cc1,False,True,False
364,[*]CC([*])CCCP(=O)(/C=C/CCC(F)(F)F)c1ccccc1,True,True,False
365,[*]c1ccc(OC(=O)CCCCCC(=O)Nc2ccc3oc(N([*])CC)c3ccccc3c2-C2CC(C)(C)C)cc1,False,True,False
366,[*]=N(CC)Cc1ccc(/C=N/c2ccc(OC(=O)c3cccc(C([*])=O)c3)cc2)cc1,False,True,False
367,[*]Cc1ccc(C([*])Oc2ccc(-c3ccc([N+](C)(C)C)cc3)cc2)cc1,True,True,False
368,[*]CC(C)(CCOC(=O)C1CCCCCC(/N=N/c2ccc(C([*])(C)C)cc2)C1=O,False,True,False
369,[*]CCC(=O)Oc1ccc(C(C)(C)c2ccc(OP(=O)(O)Oc3ccc(C(F)(F)C(F)(F)N([*])C(F)(F)c4ccc4C(F)F)cc3C(F)(F)F)cc2)cc1,True,True,False
370,[*]C=C(C#N)c1ccc(OCCCC/C=C(\C#N)c2ccc(-c3ccc(-c4ccc(-c5ccccc5)cc4)cc3)cc2)cc1[*],True,True,False
371,[*]=Cc1cccc(Oc2ccc(C=[*])nc2)c1,True,True,False
372,[*]CCCCS(=O)(=O)NCCCCCCCOc1cc(CCCCSC(=O)c2ccc(C#N)cc2)cc(NC(=O)O[*])c1,True,True,False
373,[*]NC(=O)c1ccc(Cc2ccc(C(=O)NCCCCNC(=O)CCCCCc3ccccc3C([*])=O)c(Cl)c2)cc1,True,True,False
374,[*]CCCCN(CC)C(=O)c1ccc2c(c1)C(=O)N(c1ccc(=S)C1CCCCN([*])CC2=O)cc1,False,True,False
375,[*]Oc1ccc(CC(C)(C)CS(=O)(=O)OC(=O)c2cc(Cl)c([*])c(/N=N/c3ccccc3)c2)cc1,True,True,False
376,[*]CCCCCC(=O)OCc1ccc(SSCCCCN([*])c2ccccc2)c(=O)c1,False,True,False
377,[*]C=Cc1ccc(OCCCCCCCOc2ccc(/C=C(\[*])CCC)c(OC)c2)C(=O)Oc2ccc(OCC3CCCC3)cc2OC2=O1,False,True,False
378,[*]CC([*])OC(=O)c1ccccc1-c1ccc(OCCCCCOC(C)=O)cc1,True,True,False
379,[*]NC(=O)c1ccc(OC(=O)CCCCCCCCCCC(=O)Nc2nc3ccc(NC([*])=O)cc3)cc2c1,False,True,False
380,[*]C(C(=O)Oc1c(C)cc(Oc2ccc(C(=O)Oc3c(OCCCCCCCCC)cc3)cc2)[Si]([*])(C)C)cc1Oc1ccc(OC)cc1,False,True,False
381,[*]NC(=O)c1c(C)cc(Oc2ccc(-c3cc(C([*])CCCCCC)cc(C(C)(C)C)c3)cc2)c1C,False,True,False
382,[*]Oc1ccc(C=c2ccc(Oc3cccc([*])c3)cc2)c(C)c1,False,True,False
383,[*]Nc1ccc(COC(=O)c2ccc(NC(=O)CCC(Cc3ccc(C([*])=O)cc3)C(=O)Oc3ccc(OC2)cc2)cc1,False,True,False
384,[*]CCCCCC(=O)Nc1ccc(Oc2ccc(C(=O)c3ccc(OCC(C)CC)cc3)c(Oc3ccc(C=[*])cc3)c2)cc1,True,True,False
385,[*]/C=C/CCOC(=O)c1ccc2c(c1Cl)C(=O)N[*],False,True,False
386,[*]CCOc1ccc(C(=O)OCCCCCCOC([*])OC(=O)c2ccccc2Oc2ccc(OC[Se])cc2)cc1,True,True,False
387,[*]c1ccc(N(CCCCCCCCCOc2ccc(C(=O)c3ccc(C(=O)c4ccc(C([*])=O)cc4)cc3)cc2)cc1)c1ccc(OCCCCC)cc1,True,True,False
388,[*]C(=O)c1ccc(NC(=O)c2ccc(Oc3ccc([*])cc3)cc2)cc1,True,True,False
389,[*]CCCCCCCCCOc1ccc(C(=O)Oc2ccc([Si]([*])(CCCCC)c3ccc(-c4ccc(C)cc4)cc3)cc2)c2ccccc2C1,True,True,False
390,[*]=Nc1ccc(OC(=O)CCC(=[*])Oc2ccc(C#N)cc2)nc1,True,True,False
391,[*]CCCCCC(=O)NC(C)(CCCCCC)C(=O)O[*],True,True,False
392,[*]CC1C(=O)OC(=O)c2ccc(CCCCCCC(=O)Nc3ccc(CCCS[*])cc3)cc2C1=O,True,True,False
393,[*]Oc1ccc(N2C(=O)c3ccc([*])cc3OCCC)c(NC)c1,False,True,False
394,[*]CNC(=O)c1cc(C(=O)Oc2ccc(CCCCCC)cc2)cc(C(=O)O[*])c1,True,True,False
395,[*]NCC([*])C(=O)Oc1ccc(CSC)cc1C,True,True,False
396,[*]Oc1ccc(NC(=O)c2ccc(Oc3ccc(C(=Nc4ccc([*])cc4)n3)cc2)cc1)c1ccc(C)cc1,False,True,False
397,[*]CC(O)C1C(OCC(C#N)CC([*])(C)C)OCCCC1(C)C#N,True,True,False
398,[*]OC(=O)CN(CCCC)c1ccc(N1CC=C[Si]([*])(C#N)CC2C)cc1,False,True,False
399,[*]c1cc(Cl)cc(N(C([*])(=O)c2ccccc2F)OCC(Cl)(N2C)cc(S(=O)(=O)O)c2)c(Br)c1,False,True,False
400,[*]CN(CCCCC(=O)Cc1cccc(N(C)C)c1)c1cccc(-c2ccc([*])o2)o1,False,True,False
401,[*]C=C(C)CC1COC(=O)Oc2ccc(CCC(CNC)OC2CC[*](C)CC3)cc2C,False,True,False
402,[*]c1ccc(CC(=[*])OCc2ccc(CCCC)cc2)cc1CCCCC1CCCO1,True,True,False
403,[*]c1ccc(-c2ccc(-c3ccc(OC(=O)c4ccccc4)c(NC(=O)c4ccc([Si](C)(C)CCCCCC([*])(C)C)cc4)c3)cc2)cc1,True,True,False
404,[*]Oc1ccc(C(=O)OCCCCN2C(=O)c3ccc(Oc4ccc(C=[*])cc4)cc3)o2ccc1,False,True,False
405,[*]C(=O)Oc1ccc(C(OCc2ccc(SNC(=O)=O)cc2)c2ccc(C([*])(C)C)s2)cc1,False,True,False
406,[*]Nc1ccc(C=C2C/C(=S)OC(=O)c3ccc(CN([*])C)cc3)cc2C,False,True,False
407,[*]CC1CC(COC(=O)(C)CCSC(=O)OCCC)/C=C/C(=O)N1CC1C(=O)O[*],False,True,False
408,[*]CCCC(=O)N(c1ccc(C(=O)c2ccc(Cl)cc2)cc1-c1ccc(OC(=O)CCCN2C(=O)c3ccc([*])cc3C2=O)c1)cc1,False,True,False
409,[*]c1ccc(NC(=[*])CCCCC(=O)OC2CCCC(C)OC)cc1,False,True,False
410,[*]CCOC(=O)NCc1ccc(CCCC/C=C/C(=O)Nc2ccc([N+]([*])=O)cc2)cc1,True,True,False
411,[*]Oc1ccc(C#Cc2ccc(Oc3ccc4c(c3)C(=O)c3ccc([*])cc3C)c(C)c2)cc1,False,True,False
412,[*]C(=O)c1cc(OCCC(C)C([*])=O)c(-c2ccc(N3CCCCCCC)c(Br)c2C)c1,False,True,False
413,[*]Nc1ccc(S(=O)(=O)c2ccc(NC([*])CC3)cc2)C(=O)OCC(F)(F)F1,False,True,False
414,[*]OCC(CO1C(=O)c2ccccc2)C(=O)OC(=O)c2ccc(C2(c3ccc([*])cc3OC(=O)c3ccccc3)cc2)C2=O,False,True,False
415,[*]O[Si]([*])(C)CCCCC(=O)Nc1ccc2c(c1)C(=O)N(c1cccc(C#N)c1)C(=O)O,False,True,False
416,[*]C(=O)c1ccccc1CC(=O)OCCc1cc(CN([*])CC)cc(OCCOC)c1,True,True,False
417,[*]Cc1cc(OC)c(CCOc2ccc(C3(c4ccc(OCCCCCC)cc4)nc3)CCCCOC([*])(C)C)c(C)c2C1,False,True,False
418,[*]Nc1ccc(Nc2ccc(-c3ccc(NC(=O)c4ccc(Oc5cccc(C([*])=O)c5)cc4)cc3C)c([NH](=O)[O-])c2)cc1,True,True,False
419,[*]CC([*])COCC(=O)c1ccc(CCCC)cc1,True,True,False
420,[*]C=C(c1ccc(OCCCCCC)cc1)Oc1ccc(OC([*])=O)cc1,True,True,False
421,[*]c1cc(C)c(C(=O)Oc2ccc(-c3cc(C)c(-c4ccc(OCCCCCCCC)c(Oc5cc([*])c(Cl)c(OC)c5)c(C)c4)cc3)cc2C)s1,False,True,False
422,[*]N=Cc1ccc2cc2ccc(CCCCCCOc3ccc(/N=N/c4ccc([N+](=O)[O-])cc4cc4c3=O)cc3)c2c(=O)n1[*],False,True,False
423,[*]C(=O)N(CCCC)c1ccc(OC(=O)OCC(C)(C)CCCOC([*])=O)cc1,True,True,False
424,[*]Cc1cc(NC(=O)[nH]2CCC(CCCCC(=O)OCCCSc3ccc(OCC)cc3)nnc2)cc1[*],False,True,False
425,[*]Oc1ccc(C(=O)Nc2ccc(Oc3ccc(NC([*])=O)cc3C2=O)cc1,False,True,False
426,[*]c1ccc2c(c1)c1cc(-c3ccc(OCCCCCOc4ccccc4)cc3)c(Oc3ccc([N+](=O)[O-])cc3)cc2[*],False,True,False
427,[*]CCCCOC(=O)Nc1ccc(Cc2ccc(NC(=O)OC(=O)N3C(CCC(=O)O[*])(C)CC3C)cc2)cc1,True,True,False
428,[*]C=Cc1ccc(OCC(C=C=C)c2ccc(-c3ccc([*])cc3)cc2-c2ccccc2)c(OC)c1,True,True,False
429,[*]C(=O)C1CC([*])C(C)(C(=O)O[Na])c(CCCCCn2H])cc1-c1ccc(OCC(C)CCC)c(F)n1,False,True,False
430,[*]CC(NC(=O)CCCC(=O)NCCCCCN2CC(=O)NC(S([*])(=O)=O)C2)NC1,False,True,False
431,[*]CCOc1ccc(C(=O)Nc2ccc(Cc3ccc(OC(=O)CCCCC([*])=O)cc3C2=O)cc2)cc1,False,True,False
432,[*]NCCc1ccc(CNC(=O)CCCC1CC(C(=O)NCC)O[*])CC1,False,True,False
433,[*]Nc1ccc(OCCCCCOC(=O)c2ccc(-c3nnc(Oc4ccc(NC(=O)c5ccccc5C(=O)Nc5ccc(Oc6nncc([*])cc6)cc5)cc4)cc3)cc2)cc1,False,True,False
434,[*]C(=O)c1ccc(CCCCCCCCCCC)c([*])c1-c1ccc(,False,True,False
435,[*]NC(=O)CNc1ccc(NC(=O)NCC(=O)Nc2ccc(NC(=[*])C#N)cc2)cc1C,True,True,False
436,[*]C(=S)Nc1ccc(NC(=O)c2cccc(OCCCCCO[*])c2)cc1,True,True,False
437,[*]c1cc(C(C)(C)C)c(OC(=O)c2ccc(N(C(=O)O)c3cc(OCC([*])(C)C)cc(Br)c3)cc2)c1,False,True,False
438,[*]CC(CCc1ccccc1)C1C(=O)NCCCN(C(=O)c2ccc([*])cc2)c1ccccc1,False,True,False
439,[*]NC(C)C(=O)OCCCCCCCCCc1ccc(Cc2ccc(NC([*])=O)cc2N)c(OCCO)c1,True,True,False
440,[*]C=Cc1ccc(/C=N/CC(C#N)CCOC([*])=O)cc1C(C)C,True,True,False
441,[*]c1cc(C)c(OCCCC[Si](C)(C)c2ccccc2C([*])=O)c1,False,True,False
442,[*]COC(=O)c1ccc(-c2ccc(S([*])=O)cc2Sc2ccc(NCCCCCC)cc2)cc1,True,True,False
443,[*]c1ccc2c(=O)Oc1cccc(-c3ccc(OCCOc4ccc([*])cc4C3=O)cc2)c1,False,True,False
444,[*]NN1C=NC([*])CCS1C=CC(=O)Nc2ccc(/N=N/c3ccc(CN(C)CCNC3)cc2)cc1,False,True,False
445,[*]Nc1ccc(C(=O)OCCCCCc2ccc(C(=O)NC([*])=O)cc2)cc1,True,True,False
446,[*]=NC(=O)c1cc(Oc2ccc3c(c2)c3ccc3nc([*])n3ccccc2-c2ccccc1)C2=O,False,True,False
447,[*]Oc1ccc(OC(=O)c2ccc(Oc3ccccc3)cc2N)c(C=[*])c1,True,True,False
448,[*]Oc1ccc(C(=O)c2ccc(P3c3ccc([*])cc3)cc2Oc2ccc(C(C)CCCC)cc2)cc1,False,True,False
449,[*]CCC(=O)c1ccc(C(=O)Oc2ccc([N+](=O)[O-])cc2)c([*])c1,True,True,False
450,[*]NC(=O)c1ccc(Oc2ccc(C#COC(=O)Oc3ccc(OC)cc3)cc2[*])cc1,True,True,False
451,[*]CC([*])OC(=O)c1ccccc1Oc1ccc(C(C)(C)CC2)cc1,False,True,False
452,[*]Oc1ccc(CN(C)C(=O)N(Cc2ccc(C([*])C(F)(F)F)cc2)c2ccc(F)cc2)cc1,True,True,False
453,[*]CCC([*])CC=CC(C)CCc1ccc(/N=C/c2ccc(OCCc3ccccc3)cc2)cc1,True,True,False
454,[*]Nc1ccc(CCc2ccc(OC([*])C(=O)Oc3ccc(-c4ccccc4)cc3)cc2)nc1,True,True,False
455,[*]CC(C)C(=O)OC1=O,False,True,False
456,[*]O[Si]([*])(C)C(=O)C(c1ccccc1)([Ge](F)(F)F)c1ccc([N+](=O)[O-])cc1,True,True,False
457,[*]C1COC(=O)c2cc(-c3ccc(Oc4ccc(CCCCC)cc4)cc3)c(C#C)cc2c1[*],False,True,False
458,[*]CCCCOC(=O)c1ccc(CCCCCCN=[*])cc1/N=N/c1ccccc1,True,True,False
459,[*]CCCCCCc1ccc([Si](C)(C)c2ccccc2C(=O)OCCCCOC(=O)Nc2ccc([*])cc2)cc1,True,True,False
460,[*]Cc1ccc(C(CCCCCCCC)c2cccc(C(=O)Oc3ccc(C([*])=O)cc3)c2)cc1,True,True,False
461,[*]CCCOC(=O)c1ccc2ccccc1NC(=O)OCCCCCCCCCCN1CC(=O)N/N(C)c2ccc(O[*])cc2C1,False,True,False
462,[*]c1nn(OCC)C([*])[nH]1,True,True,False
463,[*]NC(CCc1ccc(OCCCO[Si]([*])(C)CCc2ccccc2)nn1,False,True,False
464,[*]CC(CC(=O)OCC)Cc1ccc2c(c1)C(=O)N([*])C1=O,False,True,False
465,[*]NC(=O)C(C)(C)C(=O)Oc1ccc(OCCCCCCCCCOC([*])=O)cc1Oc1ccc(/N=N/c2ccccc2)cc1O,True,True,False
466,[*]Oc1cccc(Oc2ccc(OC(=O)c3ccc(OCCCCCCCCCCCOc4ccc([*])cc4C3=O)cc2)c1,False,True,False
467,[*]CCCCCOc1ccc(Oc2ccc(OC(=O)c3ccc(CNCCCCOc4ccc(O[*])cc4C)cc3)cc2OCCCCCC)cc1,True,True,False
468,[*]COc1ccc(NC(=O)CCCCCCCCCCCCCCC(=O)Nc2ccc(Cc3ccccc3)c3ccc(OC(=O)c4ccccc4[*])cc3C)cc2C,False,True,False
469,[*]NCCCCCCNC(=O)c1ccc(CCOc2ccc(C(=O)O[*])cc2C)c(C)c1,True,True,False
470,[*]CC([*])(CCCC(=O)Oc1ccc(N2C)cc1)=C(\C)c1ccccc1,False,True,False
471,[*]CC(=O)CCN([*])CCCOC1=CC(CC)c2ccccc2c1,False,True,False
472,[*]Cc1cc(C([*])=O)ccc1Oc1ccc(C)cc1,True,True,False
473,[*]C=Cc1ccc(-c2ccc(OCCCCCCCN3C(=O)c4ccc(C([*])=O)cc4)cc3OC)c(C)c2=O,False,True,False
474,[*]NC(=S)NCC=C[Si]([*])c1ccc(CC)cc1,True,True,False
475,[*]NC(=O)CCCCCCCC(=O)Nc1ccc(C(c2ccc3ccc3ccc3c2)COC(=O)Nc2ccc(C([*])=O)cc2)nc1,False,True,False
476,[*]C=Cc1cc(OC)c2cccc(C(C[Si]([*])(C)C)C2)cc1O,True,True,False
477,[*]CCC1CCC([*])C=CCCCCC1,True,True,False
478,[*]CC(CCCCC)NC(=O)c1ccc2cc(O[*])ncc2c1,True,True,False
479,[*]C=CC(C)NCCCCCCNC(=O)C(Oc2ccc(C(=O)NNC([*])=O)c(N3C(C)=O)c2)C1,False,True,False
480,[*]CCC([*])CCCOc1ccc(C(=O)Oc2ccccc2SCCOC)cc1,True,True,False
481,[*]NC(C)CC(CC)(OCC(C)C)N([*])c1ccc(-c2ccccc2)cc1,True,True,False
482,[*]=Cc1ccc(/N=C(\S)c2cc(Br)ccc2S(=O)(=O)C([*])(C)C2=O)cc1,False,True,False
483,[*]CC(O)COC(=O)c1ccccc1OC(=O)CCCCCCCCC(=O)OC([*])C,True,True,False
484,[*]N=Cc1cc(CCCCCCC)c(C=[*])c([SH]=O)c1C,True,True,False
485,[*]OCCCC(=O)N([*])CCCSc1ccc(C#N)cc1,True,True,False
486,[*]Oc1ccc(-](=O)Oc2ccc(Oc3ccc(OC(=O)c4ccc(C([*])=O)c(C(C)(C)C)c4)cc3)cc2)C3=O2cccc1,False,True,False
487,[*]CCOCCCCCC(=O)Nc1ccc(CCCn2nc3ccc(N=[*])cc3)cc2c1,False,True,False
488,[*]CC(C)(COC(=O)c1ccccc1)O[Si]1CCCCCN1C(=O)c2ccc(O[*])cc21,False,True,False
489,[*]CC([*])CN(C)C(=O)c1cccc(Oc2ccc(C(=O)Oc3ccc(C)cc3)cc2)c1-c1cccc(C)c1,True,True,False
490,[*]c1ccc(-c2ccc(Oc3ccc4c(=O)n(CCCC(=O)Nc4ccc(-c5ccc([*])cc5)c(Cl)c4)cc3OC)cc2)c(o1,False,True,False
491,[*]CC(NC(=O)Cc1cccc(N(C)CCCCC)c1)Cc1cc([*])cc(/N=N/c2ccc(C)cc2)c1,True,True,False
492,[*]Oc1ccc(Sc2ccc(-c3ccc(C([*])=O)cc3)c(Cl)c2)cc1,True,True,False
493,[*]CCCCCCCCCCCCCCc1ccc(C)c(NC(=O)CCCC(=O)NCC(C)c2ccc(O[*])cc2)c1,True,True,False
494,[*]OCC(CCCC)C(=O)NCCCCCCCC/C=C(/[*])c1ccccc1,True,True,False
495,[*]CCCCNC(=O)CCCCc1cc(C(C(=O)OCc2ccccc2)C(=O)C2([*])CC)ccc1C,False,True,False
496,[*]Nc1ccc(OC(OCCCC)N([*])c2ccc(C(C)C)cc2)cc1,True,True,False
497,[*]CC([*])C(=O)Nc1ccc(OCCCCCN2C(=O)c3ccc(OCCCCCC)cc3)cc2CCC1,True,True,False
498,[*]c1cc(OCCCCCCCCOc2ccc(-c3cc(OC(=O)SCCCCCCCCC)c(CC)c3)cc2)c([*])n1,False,True,False
499,[*]CCP(=CCNC(=O)Cc1ccc(-c2ccc(C)cc2)cc1)C(=O)N[*],True,True,False
500,[*]CC([*])C(=O)Nc1ccc(NC(=O)CCCCCCC(=O)Oc2ccc(C(C)(C)C)cc2)cc1,True,True,False
501,[*]OC([*])C(=O)NC(C)CCl,True,True,False
502,[*]CC([*])(C)C(=O)NCC(C)(C)COC(=O)CCCC,True,True,False
503,[*]CC(C=CCC([*])(C=C)OC)CCOc1ccc(/C=N/c2ccccc2)cc1,True,True,False
504,[*]=CC1C(=O)OC([*])(CC)c2ccc(C#N)cc2C1=O,True,True,False
505,[*]NC(=O)c1ccc(P(=O)(c2cccc(OCCCC)c2)c2ccc(C([*])=O)cc2)c(-c2ccccc2)c2ccc(N3C(=O)O)cc2C(=O)CCCCC3=O,False,True,False
506,[*]c1ccc(Oc2ccc(C(=O)Nc3cc([*])ccc3)cc2OCCCCC)cc1OCC=CC#N,True,True,False
507,[*]C#CP(=O)(c1ccc2c(OC)cc(C(=O)Nc3cccc(C([*])(F)F)c3)cc1F)C2=O,False,True,False
508,[*]C([*])c1ccc(/C(=C/c2ccc(N(C)C(F)(F)F)cc2)(C(F)(F)C(F)(F)F)c2ccccc2)cc1,False,True,False
509,[*]Oc1ccc(=[Si]([*])(C)C=N(C)C)c(Cl)c1,False,True,False
510,[*]CCc1cc(C)c(N2C(=O)CCCCCCC33C(=O)N(CCCCCCCCC)c3cc4c(c(=O)n([*])c(=O)c5c3=O)cc2CCCC)c(CCCCCCCCC)(C)C1,False,True,False
511,[*]Cc1ccc(C(=O)Oc2ccc(C#Cc3ccc(OP(=O)(C)CCCC)c(O[*])c3)cc2)cc1,True,True,False
512,[*]CC([*])(C)C(=O)OCC1COC(CC(=O)Oc2ccc(/C=C/c3nc4ccc(OCCCCOC(=O)OC)cc4)cc3)nc2cc1,False,True,False
513,[*]CCCCCC(=O)Nc1c(C)cc(-c2cc(OC(=O)CCCCCCO)ccc2[*])cc1C,True,True,False
514,[*]OC(=O)c1cccc(COCCCCCOc2ccc(CCC)cc2)c1[*],True,True,False
515,[*]C(=O)C1COC(=O)c2ccccc2OC(=O)C3CCC(S([*])(=O)=O)cc1,False,True,False
516,[*]C[Ge]([*])(c1ccncc1)C,True,True,False
517,[*]C(=O)Oc1ccc(Cc2cccc(NC(=O)COC([*])=O)c2)cc1,True,True,False
518,[*]OCC(C)OCCCCCOc1ccc(C(=[*])Sc2ccccc2NC(=O)c2ccccc2)cc1,True,True,False
519,[*]O[Si](C)(C)OC(=O)c1c(Cl)cc(OC(=O)c2ccc(N(C)OP(=O)(O)c3ccc3Oc3cccc(C([*])=O)c3)cc2)c(O)c1,True,True,False
520,[*]=Cc1cc(COC(=O)/C=C/c2ccc(C([*])(C)C)cc2)c([N+](=O)[O-])c(F)c1,True,True,False
521,[*]c1ccc(OCCCCCCCCCC(=O)Oc2ccc(Oc3ccc(OCCCCCCOCC(O)COc4cc(C)cc4)cc3)c(Oc3ccc([*])cc3OC)c3)cc2OCCCCCCCCCC,False,True,False
522,[*]CC(CCCCC(=O)Oc1ccc(OCCCCCCC)c(Nc2cccc(N=[*])c2)c1)C(/C=C/c1cccc(-c2ccccc2)cc1)C2=O,False,True,False
523,[*]OCCCCCCOc1c(Cl)cc(C(=O)c2ccc(OCC=CC=[*])cc2)cc1,True,True,False
524,[*]OCC(C)(C)COC(=O)Cc1ccc3c(c1)C(CC([*])C)C(=O)O-2,False,True,False
525,[*]OC(C)(C)COc1ccc(C(=O)Oc2ccc(-c3nnc([*])o3)cc2)cc1,True,True,False
526,[*][Si](C)(C)c1ccc(O[Si]2H]CCCC(Nc3ccccc3)C([*])=O)cc21,False,True,False
527,[*]O[Si]([*])(C)CCCCCC(C)c1ccccc1Oc1ccccc1OC(=O)CCCc1ccccc1,True,True,False
528,[*]Cc1cccc(C#N)c1C=Cc1ccc([Si]([*])(C#N)COc2ccc(/N=N/c3ccc(S(=O)(=O)Oc4ccc(C)cc4)cc3)cc2)c(N2)c1,False,True,False
529,[*]CCCCCCCCCCCCS(=O)(=O)NCCCO[*],True,True,False
530,[*]=Nc1cccc(NC(=O)c2ccc(=O)nc2ccc(C(=O)N=CC[Si]([*])(C)CC)cc2)c1,False,True,False
531,[*]C(CCOCCC)c1ccc([*])nc1,True,True,False
532,[*]CCC(=O)Nc1ccc(OCCCCCCOC(=O)CCCCC([*])NC(=O)O)cc1,True,True,False
533,[*]CCCCCC(=O)N(COc1ccc(C)cc1OC)c1[*],False,True,False
534,[*]CC(=O)OCCCCCCCCCCOC(=O)c1ccc(-c2ccc(OC(=O)O[*])cc2)cc1C,True,True,False
535,[*]CC(CC)(C[*])NC(=O)CCCOCCCCCCCCCOC(=O)Br,True,True,False
536,[*]=c1ccc(Oc2cc([*])cc(C(=C=C#C)c2)c2)cc1,False,True,False
537,[*]CCOc1ccc(C(=O)c2ccc(NC(=O)c3ccc(C(=O)NCCCCOc4ccc(NC(=O)c5ccc([*])cc5C)cc4)cc3C)cc2)cc1,True,True,False
538,[*]OCC([*])C(C)CCCC1CCCSCC(C)(=O)CO,False,True,False
539,[*]CCCC(=O)N=C(CCCC)c1cc(C(=O)N[*])cc([Si](C)(C)c2)c1,False,True,False
540,[*]OC(=O)c1ccccc1Oc1ccc(C(C)(C)c2ccc(OCCCCCOc3ccc([*])cc3)cc2C)cc1,True,True,False
541,[*]Oc1cc(C(=O)OCc2c([*])cc([N+](=O)[O-])cc2Cc2ccc(OC)cc2C)ccc1,True,True,False
542,[*]CCCC(=O)Nc1cc(-c2ccc(-c3ccc(CCCCCCCC)cc3)cc2)cc(S(=O)(=O)O[*])c1,True,True,False
543,[*]NC(=O)c1cccc(S(=O)(=O)c2ccc(/C=C(\CCCC)C[Si]([*])(C)C)cc2)n1,True,True,False
544,[*]Oc1ccc(-c2ccc(OC3CCCCCCCCCNC(=O)c3ccc(P(=O)(c4ccccc4)N(C)CC([*])=O)cc3)C4(C)COC2=O)cc1,False,True,False
545,[*]C(=O)c1ccc([*])cc1OCC(C)O[Si](C)(C)O,True,True,False
546,[*]C=CN(C(=O)Oc1ccc(/N=N/c2ccc(OC)cc2)cc1)C2=O,False,True,False
547,[*]Cc1ccc(C(=O)OCc2ccccc2-c2ccc(CCOC(=O)c3ccc([*])o3)cc2[nH]2=O)cc1,False,True,False
548,[*]=C=C(=CCCCCCCCNC([*])=O)c1ccc(Cl)cc1,False,True,False
549,[*]CCCCC(=[*])CCCCC(=O)Nc1ccc(OCC(=O)Oc2ccc(OC)cc2)cc1,True,True,False
550,[*]OCCOC(=O)c1ccc(-c2ccc(Sc3ccc(N([*])C)cc3)cc2)cc1,True,True,False
551,[*]CCCCCC(=O)Nc1ccc(C(C)(CC)c2ccc(Oc3ccc(N([*])C)cc3)cc2)cc1,True,True,False
552,[*]NC(=O)Nc1cc(OC(=O)c2cccc(C([*])=O)c2)cc(C(C)(C)CC(C)COCCOCC)c1,True,True,False
553,[*]CCCN(C)C(=O)c1ccc(C#N)cc1-c1ccc(CNC(=O)O[*])cc1,True,True,False
554,[*]CCCCCOc1ccc(C(=O)c2ccc(OCC(c3ccc([*])nc3-c3ccccc3)cc2)c(-c2ccccc2)c1,False,True,False
555,[*]CCOc1ccc(C(=O)Oc2c(C)cc(SN3C(=O)c4ccc(O[*])cc4[O-])cc3C2=O)c(O)c1,True,True,False
556,[*]N=C([*])C(=O)Nc1ccc(C(O)c2ccccc2)cc1,True,True,False
557,[*]CC(O)CCCCCC1C(=O)OC(C([*])=O)ccc1CCC1COc1ccccc1[N+](=O)c1,False,True,False
558,[*]/C=C/c1ccc2c(c1)C(=O)N(c1ccc(Oc3ccc(-c4ccc([*])cc4)cc3)cc1)C2=O,True,True,False
559,[*]CCCCCC(=O)OCc1ccccc1NC(=O)C1CCCCC=C([*])OCC,False,True,False
560,[*]NC(CCCCC(=O)Nc1ccc(OCc2ccccc2)cc1OC(=O)c1ccc([*])cc1)OCCOC,True,True,False
561,[*]CC([*])C(=O)OCCCCCCCOC(Cc1on2H])c(OCCc2ccccc2OCc2ccc(OC(C)(C)C)cc2)c1,False,True,False
562,[*]C=C([*])Oc1ccc(C(=O)Oc2ccc(-c3ccc(F)cc3F)cc2)cc1OC,True,True,False
563,[*]OC(C)C(=O)N(CCCCCCCCNC(=O)C([*])C)C(=O)O[Si](C)(C)CBr,True,True,False
564,[*]CCCCCOc1ccc(N2C(=O)c3ccc(C(=O)OC3CCCN([*])CCCC)cc2)cc1,True,True,False
565,[*]c1ccc(C(=O)OCCCCOC2C(=O)c3cc(Oc4ccccc4[*])cc3)cc1,False,True,False
566,[*]CCC(=O)Nc1ccc(C(C)CCCCCC/N=C/c2ccccc2C(=O)c2ccc([*])cc2)cc1,True,True,False
567,[*]=C(c1ccc(Br)cc1)C(=O)N(c1ccc([Si](c3ccc([Si]([*])(C)C)cc3)(NC(=O)c3ccccc3F)c2)C(F)(F)F)c1,False,True,False
568,[*]c1ccc(Oc2ccc(NC(=O)OCCCCCCCCOc3cc(C([*])(C(F)(F)F)O[Na])cc3)cc2S(=O)(=O)O[Na])cc1,False,True,False
569,[*]CC(=O)c1ccc(Oc2ccc(Oc3ccc(N4C(=O)c5ccc([*])cc5)cc3)c(Cn3)cc2)cc1,False,True,False
570,[*]CCOC(=O)c1ccc(CCCCCCCCCOC(=O)CCc2ccc(C(=O)NC([*])=O)cc2C(=O)OCCCCC)cc1,True,True,False
571,[*]Cc1cc(OCCOC(=O)Nc2cccc(CCCCCCCCCCC)c2)c(CNC(=O)c2ccc(S([*])(=O)=O)cc2SCC)c1,False,True,False
572,[*]OCCCCCc1ccc(C(=O)OC2CCOC([*])CO2)cc1,True,True,False
573,[*]CC(=O)c1cc(OCCCCCCCN([*])c2ccc(C)cc2C)c(OCc2cccc(C#N)c2)cc1,True,True,False
574,[*]C([*])C(=O)NCCCc1ccc(S(=O)(=O)CCC(C)C)cc1,True,True,False
575,[*]Nc1ccc(Cc2ccc(OC(=O)C(F)(F)Nc3cccc(N4C(=O)c5ccc(C([*])(C)C)cc5)c3)cc2)c(C(F)(F)F)c1,False,True,False
576,[*]C=C(c1ccc(/N=N/c2ccccc2)cc1)c1ccc(C1(OCCN([*])CC(C)C)CC=CC=N2CCCC[nH]c2)cc1,False,True,False
577,[*]C(=O)NC1CC(OC(=O)c2ccc(OCCCC)cc2)c2ccccc2/N=C/CC#N\[*],False,True,False
578,[*]OCCCCCOC(=O)c1ccc(OC(=O)Oc2ccccc2C)c(NC([*])=O)c1,True,True,False
579,[*]Oc1ccc(OC(=O)c2ccc(C(=O)NCCCCc3ccc(C#N)cc3C(=O)c3ccc([*])cc3C#N)cc2)cc1,True,True,False
580,[*]OCCOc1ccc(/C=C/c2ccc(OCCCCCCOc3ccc(/N=N/c4ccc(OCCCCOc5ccc([*])cc5)n4)cc3)cc2)cc1,False,True,False
581,[*]CC([*])NNC(=O)Oc1ccc(C(O)(O)c2ccccc2)cc(C(C)(C)C)O1,True,True,False
582,[*]CC([*])=NC(=O)CC(CC)c1ccccc1,True,True,False
583,[*]CC([*])C(=O)OSC1COCCCC,False,True,False
584,[*]N=N[Si]([*])(C)c1c(F)cc(Oc2ccc(C(F)(F)F)cc2)c2ccccc2c1,False,True,False
585,[*]Oc1ccc(OC(=O)c2ccc(C(=O)Oc3ccccc3/N=C/C(=[*])c3ccc(C#N)cc3)cc2)cc1,True,True,False
586,[*]Nc1cc(C#N)c(-c2ccc(OC([*])=O)cc2OC(C)=O)cc1,True,True,False
587,[*]CC([*])=CC(CCCCCCCOc1ccc(C=C(C)CCC)cc1)Oc1ccc2ccccc2c1=O,False,True,False
588,[*]CC([*])(C)C(=O)OCCC(CCC)CCOc1c(C)c2ccc(/N=N/c3ccc(CC(C)C)cc3)cc2C(F)(F)F,False,True,False
589,[*]Oc1ccc(S(=O)(=O)c2ccc3c(c2)C(=O)N(c2ccc(C)cc(C([*])=O)c3-n1=O)cc1,False,True,False
590,[*]CC(C)(CC(=O)Nc1ccccc1)N(CCCCCCCNS([*])=O)CCCCOc1ccc(-c2ccccc2)cc1,True,True,False
591,[*]OC(=O)C(O)CN(CCc1ccc(C([*])=O)cc1)c1cc(CC(C(C)(C)C)ccc2)C(=O)Oc2ccc(/N=N/c3cccc3)cc221,False,True,False
592,[*]CC([*])c1ccc(C(=O)Nc2ccc(NC(=O)Oc3ccc(C(C)(C)c4ccccc4[N+](=O)[O-])cc3)cc2)cc1,True,True,False
593,[*]CCC(=S)N1[nH]1C(=O)N([*])c2cccc([N+](=O)[O-])c2C1,False,True,False
594,[*]CCC(CC)c1ccc(C(=O)Nc2ccc(OC)cc2)cn1C(=O)O[*],False,True,False
595,[*]=Cc1ccc(Oc2ccc(P(=[*])(c3ccccc3)C#N)cc2)c(B)c1,True,True,False
596,[*]C=C(C)N1C(=O)c2cccc(P(=O)(OCCCC)N=[*])c2C(=O)OCC1,True,True,False
597,[*]NC(=O)c1ccc2c(c1)C(=O)N(CCCCN)c1ccc([*])cc1,False,True,False
598,[*]CCCC([*])C(=O)NCC(CCN)c1ccc(/C=N/c2ccc([N+](=O)[O-])cc2)cc1,True,True,False
599,[*]CC(C)C(=O)Nc1ccc(CC([*])=O)cc1,True,True,False
600,[*]C=Cc1ccc(OCCCc2ccccc2C(=O)c2ccc([*])cc2)cc1,True,True,False
601,[*]OC(=O)c1ccc(C(=O)Oc2ccc(CCCCCCCOC(=O)c3ccc([*])cc3[Se])cc2)c(Cl)c1,True,True,False
602,[*]Cc1ccc(Cc2ccc(OC(=O)CCCCCCCC([*])C)cc2)cn1,True,True,False
603,[*]O[Si]([*])(C)c1ccc(C2=CC(c3ccccc3)cc2)s1,True,True,False
604,[*]C1CCC(=O)NCCOCCOCC(=CC([*])C)C1=O,True,True,False
605,[*]CCCCCCCCc1ccc(C(=O)c2ccc(OCCCCCOc3ccc(C=[*])cc3)cc2)cc1,True,True,False
606,[*]NC([*])C(=O)OCc1ccc(Br)cc1NCCCCC,True,True,False
607,[*]CC(=O)Nc1ccc(/N=C/C(=O)Oc2ccc(OC([*])=O)cc2)cc1,True,True,False
608,[*]Oc1ccc(OP(=O)(Oc2ccc(C(=O)OP(=O)c3ccccc3)Oc3ccc(C([*])=O)cc3)cc2)nc1,False,True,False
609,[*]CCCCOc1ccc(C(=O)OCCCCCCCOc2cccc(OC(=O)c3ccc(/N=C/c4ncc(OCCCCCCN5C(=O)c6ccc6)cc5C#N)cc4C(=O)O[*])c3)cc2C1=O,False,True,False
610,[*]CNC(=O)c1ccc(Nc2ccc(Nc3ccc(NC(=O)Nc4ccc(S([*])(=O)=O)cc4)cc3)c2)cc1,False,True,False
611,[*]Cc1ccc(OCCCCCOP(=O)(=O)Nc2ccc(Cc3ccc(NC(=O)c4ccc(S([*])(=O)=O)cc4)nc3)cc2)cc1,True,True,False
612,[*]CCCCS(=O)(=O)c1ccccc1C(=O)/C=C/CCC(=O)OCc1ccc([Si]([*])(C)=O)cc1,True,True,False
613,[*]C=CC([*])CN(C)CCCCCC,True,True,False
614,[*]Cc1c(F)cc(OC(=O)c2ccc(C([*])(C)=O)cc2)c1-c1cccc(I)c1,False,True,False
615,[*]CC([*])C(=O)Oc1cc(OCC(C)(C)c2ccc(O)cc2O)ccc1Oc1ccc(C(=O)OCC(C)(C)c2ccc(-c3ncccc3)cc2)cc1,True,True,False
616,[*]c1ccc(CCCCCCCC(=O)Nc2ccccc2-c2ccc(Oc3ccc(NC(=O)c4cccc([*])c4)nc3C#N)cc2)cc1,True,True,False
617,[*]Oc1ccc(OC(=O)c2ccc(/N=N/c3ccc(OCCCCCN([*])c4ccc(C(=O)[O-])cc4)cc3)cc2)cc1,True,True,False
618,[*]OC(CCCCCC(=O)Oc1ccc(/N=N/c2ccc(Cl)cc2)cc1)OC(=O)CCCCCCCCN(C([*])=O)c1ccc(-c2ccccc2)cc1,True,True,False
619,[*]Cc1ccc(NC(=O)CCC([*])OCCSC)cc1,True,True,False
620,[*]CC(OC(=O)NCCCCCCCCCC)C([*])CO,True,True,False
621,[*]CCP(CCC)Oc1ccc(C(=O)Nc2ccc([*])cc2)cc1[Si](C)(C)C(=O)OCCCC,True,True,False
622,[*]c1ccc(OCC([*])c2ccc(/C=N/c3ccc(C3)cc3)cc2)cc1,False,True,False
623,[*]CCc1ccc(OCCc2ccc(CCCCC(=[*])CCCC)cc2)C(=O)cc1,True,True,False
624,[*]OCCOCCCCCCCCCOC(=O)Nc1ccc(CC(NC(C)=O)COC([*])=S)cc1,True,True,False
625,[*]CC([*])C(=O)OCCCCCCOc1ccc(/C=N/c2ccccc2)cc1SC,True,True,False
626,[*]Oc1cc(NC(=O)c2ccccc2)(c2ccc(N([*])C#N)cc2)ccc1,False,True,False
627,[*]NCCCCc1ccc(O[Si]([*])(C)=O)cc1C,True,True,False
628,[*]CC[Se](C)OC(=O)Nc1ccc(Cc2cccc(NC(=O)OC([*])=O)c2)cc1C,True,True,False
629,[*]CC([*])C(C)(=O)NCC(C)C,False,True,False
630,[*]Nc1ccc(OC(=O)c2cc(C([*])=O)ccc2S(=O)(=O)OCC=O)c2ccc(N2)cc2Cl,False,True,False
631,[*]OCC1(C)CC([*])C(=O)N(CC)C1C,True,True,False
632,[*]CCN(CC(C)=O)c1ccc(o1)C([*])=O,True,True,False
633,[*]CCC(=CNC(C)C)(NC(=O)C(CCCCCCCCCC)Nc1ccc(C(C)=N)C([*])C)cc1,False,True,False
634,[*]CC([*])CCCCCCC(=O)Nc1ccc(OC(=O)Oc2cc(CC)cc(OCC)c2)cc1,True,True,False
635,[*]N=C([*])COc1cccc(OCCOc2ccc(/C=C/c3ccccc3)cc2)c1,True,True,False
636,[*]Cc1ccc(/C=N/CCCCCCCNc2ccc([*])c(OC)c2)cc1OC,True,True,False
637,[*]CC(CNC(=O)OCCCC)C([*])CC,True,True,False
638,[*]CC(C)CCOC(=O)CCCCC(=O)Nc1cc([*])cc(NC(=O)OCCC)c1,True,True,False
639,[*]C(=O)C([*])OCC1(C)CCCC,False,True,False
640,[*]CCC1CC(COC(=O)OCCCCC)CC([*])C1C,True,True,False
641,[*]CC([*])CC1CC[O-],False,True,False
642,[*]CC(c1cc(C(=O)OCCCC)c([*])cc1)c1ccc(/N=N/c2ccc(OC)cc2)cc1,True,True,False
643,[*]CCCc1ccc2c(c1)C2(S)c1ccc3c(cc(OCCCCCCCC([*])=O)c1)C(=O)OCCCCSCC(=O)O1,False,True,False
644,[*]CC(CCC(=O)Nc1cccc(OCC([*])C)c1C)C,True,True,False
645,[*]CCCCCC(=O)Oc1ccccc1OC(=O)c1cccc(/C=C/c2ccccc2C([*])=O)c1,True,True,False
646,[*]C(=O)c1ccc(-c2cc(C(=O)/CC([*])C)c([N+](=O)[O-])c2)cc1,False,True,False
647,[*]CNC(=O)c1ccc2cc(C=C(CCCCCC)NC(=O)c3ccc(C(=O)NCC(=O)N[*])cc3)C2=O,False,True,False
648,[*]CC(CC)C(=O)N([*])c1ccc(S(=O)(=O)C(F)(F)F)cc1,True,True,False
649,[*]CC(C)C(CC)(CC=C)c1ccc([Si]([*])(C)C)cc1,True,True,False
650,[*]Oc1ccc(OC(=O)C(CCCCCC)(CC)c2ccc(OP(=O)(c3ccccc3)c3ccc(OP(=[*])(=O)CSN)cc3)cc2)C(=O)OCCCCCCC2=O,False,True,False
651,[*]Oc1c(C)cc(C(CC)c2ccc(-c3nc(NC([*])=O)cc3)c(F)c2Cl)cc1,False,True,False
652,[*]Oc1cc(C)c(NC(=O)C(CCCCCCCOc2ccc(OCc3ccc(OC(=O)NCCCCCOc4cc(OC)cc4)cc3)cc2C(c2cc(OC([*])=O)C(F)(F)F)c1)C2=O,False,True,False
653,[*]CC([*])(C)C(=O)OC(C)(CO)CI,True,True,False
654,[*]NC(=O)OCCCCC(F)(F)c1ccc2c(ccc(Oc3ccc(NC([*])=NC(F)(F)F)cc3C2=O)cc1,False,True,False
655,[*]C=CCCOC(=O)CCCC(=O)NC1COC([*])C1=Nc2ccccc21,False,True,False
656,[*]CCc1ccc(C(=O)OCCCCCCCC)c(C2[*])c1,False,True,False
657,[*]CCc1ccc(COC(=O)NCCCCCCCCCCCN(Cc2ccc(Br)cc2)C3(=O)C3CCC[Se]C(=[*])C2)cc1,False,True,False
658,[*]Nc1ccc(NC(=O)c2ccc(Sc3ccc(NC(=O)/C=N/c4cc([*])cc4)cc3)c(C(C)(C)C)c2)cc1,False,True,False
659,[*]C=Cc1ccc(C#COCc2ccc(NC(=O)SN[*])cc2)c2ccc(C)cc2n1,False,True,False
660,[*]O[Si](C)(C)C(=O)Oc1ccc(C(=O)/C(C)=C(\[*])CCC3C2)cc1,False,True,False
661,[*]CC(CCc1ccnc([N+](=O)[O-])c1)COc1ccc(C(=O)O[*])cc1,True,True,False
662,[*]CC([*])C(=O)NC(/CCC)=C(/C)c1ccncc(C#N)c1,False,True,False
663,[*]CC([*])C(=O)OCCCCOc1ccc(-c2ccc(-c3ccccc3)nc2ccccc1,False,True,False
664,[*]CC1C=CC(CCCC)COP([*])(=O)=O,False,True,False
665,[*]CCc1ccc(CC(C)COc2nnc(-c3ccc(OC(=O)C([*])=O)cc3)cc2)cc1,True,True,False
666,[*]O[Si](C)(C)COc1ccc(CS(=O)(=O)c2cccc(Cc3c(c4)C#C)c(NC(=O)Nc4ccc(Cc5ccccc5c4)C([*])=O)c3)c2ccc2C#N,False,True,False
667,[*]Oc1ccc(Br)c(OC(=O)CCCC(=O)Cc2cccc([*])c2OC)c1,True,True,False
668,[*]O[Si](C)(C)c1ccc2c(c2)nc([*])cc1Cl,True,True,False
669,[*]Oc1ccc(C#Cc2cc(C3(C)C(=O)c4ccc([*])cc4)ccc2S(=O)(=O)O)c(Cl)c1,False,True,False
670,[*]CCCNC(=O)c1ccc(NCCC(=O)Nc2ccc(C(C)(C)C)cc2S(=O)(=O)CCCCN([*])C)cc1,True,True,False
671,[*]C=C(OC(=O)c1ccc(C(=O)OCCN([*])c2ccc(-c3ccc(F)cc3)cc2)cc1)C(F)(F)F,True,True,False
672,[*]CCCN1C(=O)CCCCCC(=O)Nc2ccccc2CC1C(=O)N([*])CCOC(=O)C1,False,True,False
673,[*]N=P(=O)c1cccc(N2C(=O)c3cc(C([*])=O)cc(Sc4cccc(OCC5)c4)c3)c1,False,True,False
674,[*]c1ccc(CCc2nnc([*])c3c2CCCCCCCCCCCCC)c(-c2ccccc22)n1,False,True,False
675,[*]Nc1cc(NC(=O)c2ccc(C(=O)OCCOC(=O)c3ccc(C([*])=O)cc3)cc2C2=O)c1,False,True,False
676,[*]CCCN1C(=O)c2ccc(CCOc3ccc(NC(=O)Cc4ccc(S(=O)(=O)Nc5ccc(NC([*])=O)cc5)cc4)cc3C2=O)cc2c1,False,True,False
677,[*]CC(C)CCCCCCC(=O)Nc1ccc(Cc2cccc(NC([*])=O)c2)C2C(C)(C(=O)=O)C1,False,True,False
678,[*]CCCOP(=O)(=O)c1ccc(C(C)O[*])cc1NC(=O)OCCC,True,True,False
679,[*]CC=CCCCCCC([*])COc1ccc(/C=C/c2ccc(OC(=O)OCCCC)cc2)cc1,True,True,False
680,[*]CC([*])C(=O)OCCCCCCCCCCCCOC(=O)COc1ccc(OC23CC3(O)COc4ccccc3)cc2c1,False,True,False
681,[*]CCCCCCCCCOc1ccc(/C=C/c2ccc(OCCCC)cc2)c(OC(=O)c2ccc(C=C(O[*])OC(C#N)C(F)(F)F)cc2)c1,True,True,False
682,[*]Nc1ccc(OCc2ccc(NC(=O)Nc3ccc(C([*])=O)cc3OCc3ccccc3)cc2-c2ccccc2N2C(=O)ON3ccccc2)cc1,False,True,False
683,[*]Oc1ccc(CC(C)c2cc(NC(=O)CCCCCC([*])(C)C)cc2)cc1Br,False,True,False
684,[*]CC([*])C(=O)Oc1ccc(C(C)(C(F)(F)F)C(F)(F)C(F)(F)C(F)(F)F)cc1,True,True,False
685,[*]Oc1ccc(Oc2ccc(C(=O)c3ccc4c(c3)c4ccc([*])cc4OCCCCC)cc3)cc2ccccc12,False,True,False
686,[*]CCCCCC([*])(C)C(=O)Oc1ccc(Oc2ccccc2)cc1,True,True,False
687,[*]Nc1ccc(Oc2ccc(NC(=O)OCCSCCNC([*])=O)cc2)cc1,True,True,False
688,[*]Oc1ccc(C2(C(=O)SCCNC(=S)c3cccc(S([*])(=O)=O)c3)cc2)c2ccc(/N=N/c3ccc(C#N)cc3)cc2cccc221,False,True,False
689,[*]CCCCOC(=O)NCCCSCCCCCCNC(=O)COc1ccc(CN2CC([*])c3ccc(OC)cc3)cc2ccccc1,False,True,False
690,[*]C(C)CCCCCCOc1ccc(/C=C/c2ccc(Oc3ccc(-c4ccccc4[*])cc3)cc2)cc1,True,True,False
691,[*]Oc1ccc(/C=N/CCCCN(C)c2ccc(C(=O)Nc3ccc(/N=N/c4ccc([*])cc4)cc3)cc2)cc1,True,True,False
692,[*]OCC([*])C(=O)NCCCCCCCNC(=O)CCCCCCSCC(=O)OC#N,True,True,False
693,[*]N=Cc1cc(Cl)cc(C(=O)OCc2ccccc2)c1[*],True,True,False
694,[*]Oc1cc(C(C)(C)c2cccc(O[*])n2)cc1,False,True,False
695,[*]Oc1ccc(/C=C(\C)c2ccc(/N=C/c3ccc(C(=O)c4ccc(C(=O)c5ccc([*])cc5)cc4)cc3)cc2)c(C(C)=O)c1,True,True,False
696,[*]Oc1ccc(OC(=O)c2cccc(NCCCCCN3C([*])=O)cc2)cc1-c1ccccc1,False,True,False
697,[*]N=Cc1ccc(-c2[N+](=O)[O-])cc(-c3cc(OCCCCCCCOC([*])(C)C)ccc3C2=O)c1,False,True,False
698,[*]c1ccc(OCC([*])CCCC)c(C(=O)Oc2ccc(C#N)cc2)c1,True,True,False
699,[*]Nc1ccc(Oc2ccc(OCc3ccc([*])cc3CCCCCC)cc2Cl)c1,False,True,False
700,[*]CC=C(/[*])CC(F)(F)COc1ccc(OC(=O)C(F)(F)CCC(F)(F)F)cc1,True,True,False
701,[*]C=CC(C)OCCCCCCCCCOc1ccc(/C=C/c2ccc(OC2CCCC3([*])c4ccc(C)cc3)cc2)cc1,False,True,False
702,[*]CC(=NC([*])C(=O)OCc1ccc(OCC)cc1)(Oc1ccc(C(C)(C)C)cc1)c1ccccc1,False,True,False
703,[*]CC=C=Nc1ccc(NCC(=C=CS[*])Nc2ccccc2)cc1,True,True,False
704,[*]C=Cc1ccc(Oc2ccc(/N=C/C(=[*])Nc3ccc(C#N)cc3)cc2)c(-c2ccccc2)o1,False,True,False
705,[*]CNC(=S)NC(C)(C)NC([*])C(C)C,True,True,False
706,[*]C(=O)NCC1CC(OCC(C)(C)C)C(=O)NCCCCCCNC(=O)C1([*])CO1,False,True,False
707,[*]OC(=O)c1cc(Oc2ccccc2OCCCCNC(=O)Sc2ccc(OCC(OC([*])=O)cc2)cc(C(C)C)c1)c1,False,True,False
708,[*]Oc1ccc2c(c1)C(CCCCCCC)N([*])CC1O,False,True,False
709,[*]C1=C(CC)C([*])c2ccc4c([N+](=O)[O-])c1-2,False,True,False
710,[*]CC1CCC(C)N2C(=O)c3ccc(C(=O)NCCCC[Si]([*])(C)c4ccccc3)cc2CC2CCCCC,False,True,False
711,[*]NC(O)c1c(O)cc(C2(c3ccc([Si]([*])(c4ccccc4)c4)cc3)cc2)cc(C(F)(F)F)c1,False,True,False
712,[*]CCCC([*])C(=O)C1cccnc1CO,False,True,False
713,[*]Cc1cccc(OCCCCCCC(=O)Oc2c(C)cc(O[*])c(C)c2)c1,True,True,False
714,[*]CCOC(=O)c1cc2ccc(CCCN2C(=O)c3ccc(O[*])cc3CCCCCCCC)cc2C1=O,False,True,False
715,[*]Cc1ccc(CCNC(=O)CCCC2C3C(=O)N[*])cc1,False,True,False
716,[*]CC([*])CCCCCC(=O)Nc1ccc(CCCOC(=S)CO)cc1,True,True,False
717,[*]C1C(=O)Nc2ccccc2OCCC([*])C1,True,True,False
718,[*]c1ccc(OC)c(C)c2COc(c2)C(=O)NCCCC([*])NC(=O)C3(C)CC1,False,True,False
719,[*]C=CCCCC(=O)N([*])CS(=O)(=O)c1ccc(COc2ccc(F)cc2)cc1,True,True,False
720,[*]Oc1ccccc1CCCCCCOC(=O)c1cc(-c3ccccc2)c([*])c1C,False,True,False
721,[*]CCCCCCCCOC(=O)c1ccc(C(=O)NCc2ccc(C(C)(C)c3ccc(O[*])cc3C)cc2)cc1,True,True,False
722,[*]CCCCOC(=O)Cc1ccc(OCc2ccc(CCCCCCCOC(=O)SCc3ccc(O[*])cc3)cc2)cc1,True,True,False
723,[*]CN([*])c1cc(C(=O)OOC)c(/N=N/c2cc(C(C)(C)c3ccc(C#N)cc3)cc2)cc1OCOc1ccc(N(C)C)cc1,False,True,False
724,[*]C/C=C(/[*])C(O)C(CCc1cccc(-c2ccc(C)cc2)c1)(OC(C)C#N)c1ccccc1,True,True,False
725,[*]CC(C)OC(=O)SCC(=O)O[*],True,True,False
726,[*]NC(=O)c1cc(Oc2ccccc2)cc(CCCNCCCC(=O)N([*])C)c1,True,True,False
727,[*]N1([*])Oc2c(C(=O)Oc3ccccc3C(=O)Oc3ccc(O[nH]c4ccc(OC(C)C)cc4)cc3O)cc2c1,False,True,False
728,[*]CN([*])C(=O)CCc1ccc(S(=O)(=O)C(F)(F)F)cc1,True,True,False
729,[*]CC([*])(C)C(=O)OCCCCCCCc1cccc(NC(=O)CCCCCCC(F)(F)F)c1,True,True,False
730,[*]CCCNc1ccc(Oc2ccc(NC(=O)CCCCCCCCCCCC(=O)Nc3ccc(OCCCCCO[*])cc3COCC)cc2)cc1,True,True,False
731,[*]Nc1ccc(C(=O)OCCCCCCC)c(-c2ccc(N3C([*])=O)cc2C)c1,False,True,False
732,[*]C([*])C(=O)OCC(CCCCBr)OC(=O)COCCOCCOC(C#N)c1ccc(OC)cc1,True,True,False
733,[*]NC([*])C(=O)Nc1ccc(Oc2ccc(S(=O)(=O)OC(C)C)cc2)c(N)c1,True,True,False
734,[*]Nc1cc(-c2ccccc2CC(=O)C(CCCCCCCC)c2ccc(C([*])=O)cc2)ccc1[NH](=O)O,True,True,False
735,[*]CCCN([*])c1ccc(C(=O)Oc2ccc(OC(=O)c3ccc([N+](=O)[O-])cc3)cc2C)c1,False,True,False
736,[*]CC([*])OC(=O)c1ccccc1NC(=O)CCCC(C)(C)C1,False,True,False
737,[*]C=C(CCCCCC[Si]([*])(C)C)CN1ccc(Cc2ccc(NC(=O)Cl)cc2)CC1,False,True,False
738,[*]SP([*])(=O)C(CC(C)(C)C)C1OCC1CC(CCCCC2)OCC(F)(F)F,False,True,False
739,[*]CCOc1ccc(C(C)(C)c2cc3cc(N([*])CCCN=CCC)ccc33)cc12,False,True,False
740,[*]Nc1ccc(NC(=O)c2ccc([*])cc2)c2ccccc2C=CCCCC,False,True,False
741,[*]CC(=O)Nc1ccc(C(=O)c2cccc(NC(=O)CCCCOc3cccc(C([*])=O)c3)n2)cc1C,True,True,False
742,[*]Oc1ccc(OC(=O)c2ccc(C(=O)Nc3cccc(Oc4ccc5OC(=O)c5ccc8c(=O)n([*])cc5C5=O)o4)cc3)nc2c1,False,True,False
743,[*]CC=CCC(=O)Nc1ccc(OCC([*])c2ccc(/N=N/c3ccccc3)cc2)cc1,True,True,False
744,[*]C=C(c1ccccc1)c1cc(N(CCCCC)C(=O)OC)ccc1[*],True,True,False
745,[*]CC(C)(CC#N)O[Si](C)(C)COC(=O)Nc1cccc(P([*])(=O)=O)c1,True,True,False
746,[*]Nc1ccc(C([*])(OC(=O)c2ccc(OCCCCCCC)cc2)Sc2ccc(S(=O)(=O)Oc3ccc(C#N)cc3)cc2)cc1,True,True,False
747,[*]OCCC1COC(=O)n2cc([*])ccc2OCCC1,False,True,False
748,[*]C=C([*])OCCC/C=C/c1ccc(NCCCC)cc1,True,True,False
749,[*]C=CC(c1cc(F)c2ccc2sc([*])(C[N+](C)(C)C)c2)cc1-c1ccc2c(F)c(F)cc1,False,True,False
750,[*]Cc1ccc(NC(=O)C(=O)NCCCCCNc2ccc(/C(=C/c4ccc([*])cc4)cc3)C2=O)cc1,False,True,False
751,[*]COC(F)(F)c1c(F)cc([*])c(CN(C)CC)c1,True,True,False
752,[*]Cc1cc(C(C)(C)c2ccc(OCCCCCC)nc2C([*])=O)cc1,False,True,False
753,[*]c1ccc(OCC(C=C(C)C#N)c2ccc(C(=O)Oc3ccc([*])cc3)cc2)C2=O,False,True,False
754,[*]c1cc(OCCCCCC)c(Cc2ccc(C([*])=O)cc2Sc2ccc([SH](=O)(=O)c3ccccc4)cc3o2)s1,False,True,False
755,[*]=Cc1cc(NCC(=O)OCCCCCCCCC)cc(N=[*])c1OCC(CCCCCC)CC,True,True,False
756,[*]CCOC(=O)Nc1ccc(-c2ccc(NC(=O)COCCC(=O)Oc3ccc(C([*])(C)C)cc3)cc2)cc1S(=O)(=O)OC=C,True,True,False
757,[*]=Nc1ccc(Oc2ccc(NC(=O)OC([*])=O)c(Br)c2)cc1Cl,True,True,False
758,[*]Nc1cc(Sc2ccc(OCCCCCCC)cc2)c(NC(=O)OCCOC([*])=O)c2ccn1,False,True,False
759,[*]CCC([*])N(C)C(=O)COc1ccc(/C=C/c2ccccc2)cc1,True,True,False
760,[*]CC(CCCC(=O)Oc1cccc(N(C)C)c1)c1cc([*])cc(OCCCCCCC)cc1[nH],False,True,False
761,[*]Oc1ccc(C([*])(C)C(=O)Oc2ccc(OCc3ccc(OCCC(C#N)C)cc3)cc2)CC(=O)N2ccccc22,False,True,False
762,[*]C=Cc1cc(OCCCC)cc(CCCCNC([*])=O)c1C(=O)O,True,True,False
763,[*]=CCOc1ccc(OC(=O)C(C#N)NC(=O)CCCCCCCCCCCCCCCCC(=O)Oc2ccccc2)cc1[*],True,True,False
764,[*]Oc1ccc(NC(=O)c2ccc(NC(=O)OCCOC(=O)c3cccc(C(=O)Nc4cc([*])cc(NC(=O)O)c4)c3)cc2)cc1,True,True,False
765,[*]N=N(c1ccc(C(C)=O)cc1)c1ccc(-c2ccc(N=[*])cc2)c(NC(=O)c2ccc(OCC(C)C)cc2)cc1,False,True,False
766,[*]c1ccc(OC(C)=Nc2ccc(-c3ccc(-c4nc(F)c([*])cc4)c(-c4ccccc4)c3)cc2)c(OCC)c1,True,True,False
767,[*]CCCCCCCCNC(=O)CCC(C)COC(=O)NCc1cc(C(=O)O[*])ccc1,True,True,False
